Daily Time Spent on Site,Age,Area Income,Daily Internet Usage,Male,Clicked on Ad
0.6178820329763726,0.38095238095238093,0.7304724660740927,0.9160309964886791,0,0
0.8096209416964134,0.2857142857142857,0.8313752227497127,0.5387456108487713,1,0
0.6267210606833248,0.16666666666666666,0.6992003151708015,0.7974331032812692,0,0
0.706272310045895,0.2380952380952381,0.6231598621433142,0.8542801791984503,1,0
0.6080231174570797,0.38095238095238093,0.9145677930256244,0.7313234047705537,0,0
0.4655787863335033,0.09523809523809523,0.6988280349314304,0.7383460467368934,1,0
0.9571647118816928,0.33333333333333337,0.6086026053508794,0.627073495580579,0,0
0.5677375488696242,0.6904761904761905,0.16181256804650607,0.16333696573435041,1,1
0.7127315995240523,0.26190476190476186,0.837790872568077,0.7066836178714131,1,0
0.6336902940676524,0.023809523809523836,0.6359276389828412,0.4785082939823224,1,0
0.2556518782933877,0.7142857142857143,0.483078809497269,0.104370989223877,0,1
0.857895631480537,0.4285714285714286,0.7405064721484601,0.7633490737377409,1,0
0.6284208737038924,0.6904761904761905,0.5747655688115282,0.05049037413730484,1,1
0.7975522692503824,0.11904761904761907,0.5763339405664828,0.662610485530936,0,0
0.17593064762876087,0.33333333333333337,0.25927532093518996,0.2347741857367721,0,1
0.5243923168451471,0.09523809523809523,0.5830923997110935,0.21709650078702022,1,1
0.38738738738738737,0.4285714285714286,0.15178833471016961,0.14911006175081737,0,1
0.8402175760666326,0.5238095238095238,0.8782420676670489,0.5009686402712195,0,0
0.37565867754547,0.40476190476190477,0.26097852593516707,0.08239496307058974,1,1
0.7135815060343361,0.5,0.1500301580587678,0.1860394720910522,1,1
0.7584565697773245,0.26190476190476186,0.7758001047515358,0.7244218428381162,1,0
0.8837327893931668,0.38095238095238093,0.7027067430365423,0.7371352463978691,1,0
0.15111337752847187,0.7857142857142857,0.28461877923232093,0.3635428017919847,0,1
0.9296277409484957,0.40476190476190477,0.7273393873409448,0.6365782782419181,1,0
0.14941356450790405,0.5238095238095238,0.839322749254447,0.3780118658433226,0,1
0.784293727689954,0.21428571428571427,0.7761920831660006,0.6054607095289988,1,0
0.27078021417644055,0.21428571428571427,0.36755542593104423,0.1777454897687371,1,1
0.3289138194798572,0.7857142857142857,0.6764463270538401,0.1480203414456956,0,1
0.6391296957334693,0.35714285714285715,0.28573714694075125,0.0872987044436373,0,1
0.7380588135305115,0.0714285714285714,0.4914384706886574,0.6359123380554548,0,0
0.5956144824069352,0.38095238095238093,0.5722668018562094,0.9821406949993948,1,0
0.9146693863674995,0.21428571428571427,0.4824896966328337,0.6217459740888729,1,0
0.44960054394016646,0.9047619047619048,0.17692916139218762,0.39018040925051467,1,1
0.3909569947305796,0.09523809523809523,0.2478531279633156,0.6526213827339874,0,1
0.42563318035016146,0.9047619047619048,0.4822910351925458,0.17574766920934748,1,1
0.8799932007479178,0.26190476190476186,0.7236865211037696,0.5860273640876622,0,0
0.5041645419003908,0.8095238095238095,0.6531592666170903,0.12513621503814026,1,1
0.5646778854326022,0.47619047619047616,0.9534344302722777,0.709286838600315,0,0
0.30307666156722757,0.6428571428571428,0.6631622747880156,0.08802518464705172,1,1
0.10759816420193774,0.47619047619047616,0.2063255573896406,0.34689429713040343,0,1
0.8903620601733809,0.2380952380952381,0.6672252906244321,0.5922629858336363,0,0
0.5378208397076321,0.26190476190476186,0.6991734401412161,0.89344957016588,0,0
0.8485466598674145,0.30952380952380953,0.802828749562899,0.5650199782055941,1,0
0.8291687914329422,0.2857142857142857,0.7777436580274644,0.6509262622593537,0,0
0.8137004929457758,0.14285714285714285,0.6645941336085988,0.6058844896476574,0,0
0.08635050144484108,0.7857142857142857,0.6043671923076336,0.4119748153529485,1,1
0.6292707802141765,0.023809523809523836,0.5647917261556644,0.5900835452233928,1,0
0.8975012748597655,0.5714285714285714,0.8102549615732887,0.5687129192396175,0,0
0.19938806731259556,0.4285714285714286,0.5913550970173298,0.11466279210558183,1,1
0.2619411864694883,0.6428571428571428,0.6152182909008174,0.09171812568107529,0,1
0.689784123746388,0.09523809523809523,0.7257746803627518,0.5565443758324254,1,0
0.8046914839367669,0.21428571428571427,0.6799617641624535,0.7295677442789685,0,0
0.012408635050144445,0.6190476190476191,0.6009258142294119,0.5375953505266984,1,1
0.3013768485466598,0.7380952380952381,0.7430492164249186,0.17205472817532386,1,1
0.5050144484106748,0.6666666666666667,0.744042370927326,0.08790410461314929,0,1
0.8159102498725139,0.2857142857142857,0.8166820638190333,0.44054970335391713,0,0
0.5539690634030255,0.40476190476190477,0.9354095311681629,0.2774548976873715,0,1
0.2104368519462858,0.7142857142857143,0.5854502254601204,0.14850466158130532,0,1
0.7654258031616521,0.2380952380952381,0.6431205268727391,0.8138999878919968,0,0
0.15672276049634537,0.5238095238095238,0.1657761768132629,0.3122654074343143,0,1
0.9010708822029576,0.19047619047619047,0.5147777541942606,0.47614723332122555,0,0
0.9049804521502635,0.35714285714285715,0.7735451981498986,0.53366024942487,1,0
0.6710861805201427,0.2380952380952381,0.8739261822340785,0.3918149897081973,0,0
0.9087200407955125,0.30952380952380953,0.726916869120133,0.44884368567623206,1,0
0.22709501954784966,0.6190476190476191,0.79838627663262,0.22060782177019017,0,1
0.5068842427332994,0.2380952380952381,0.9148870867009831,0.5673810388666911,1,0
0.531871494135645,0.5,0.5698854604562953,0.0026637607458530055,0,1
0.046404895461499174,0.30952380952380953,0.5728302612833132,0.5777939217822983,0,1
0.7332993370729218,0.14285714285714285,0.7178285281493031,0.668785567259959,1,0
0.7807241203467619,0.35714285714285715,0.28311133439102865,0.16309480566654566,0,1
0.22998470168281487,0.2857142857142857,0.7062707384372475,0.20722847802397387,0,1
0.6189019207887133,0.6428571428571428,0.9245515611185509,0.7134640997699482,0,0
0.3867074621791603,0.47619047619047616,0.9392992336035597,0.29295314202687983,1,1
0.010368859425463173,0.5714285714285714,0.43754105695215784,0.37710376558905445,1,1
0.0996090430052694,0.5476190476190477,0.6747241873739279,0.2494248698389636,1,1
0.5354411014788372,0.0714285714285714,0.7095804899501132,0.672902288412641,0,0
0.29253782083970764,0.38095238095238093,0.6568083153784722,0.09250514590144093,1,1
0.8521162672106068,0.33333333333333337,0.619119140365531,0.8125075675021192,1,0
0.4001359850416454,0.4523809523809524,0.28543327586759776,0.052972514832304196,1,1
0.38296787353391126,0.6190476190476191,0.6353718145073242,0.04195423174718488,0,1
0.7735849056603773,0.19047619047619047,0.7528118763198923,0.6324615570892362,1,0
0.6945436002039774,0.21428571428571427,0.788796930138666,0.7141905799733625,1,0
0.4086350501444841,0.4523809523809524,0.7277029637355069,0.06738103886669095,0,1
0.6177120516743158,0.8333333333333333,0.2554618153166291,0.20541227751543784,0,1
0.649158592554819,0.2857142857142857,0.9244313869805751,0.48020341445695613,0,0
0.4276729559748427,0.5238095238095238,0.5171218370304314,0.00223998062719466,0,1
0.7633860275369709,0.40476190476190477,0.910143949377217,0.5797917423416881,0,0
0.34166241713411527,0.35714285714285715,0.6802350954292599,0.08366630342656495,1,1
0.42665306816250215,0.35714285714285715,0.4382488169642516,0.02597166727206679,0,1
0.41288458269590345,0.4285714285714286,0.3563732758370579,0.02730354764499343,1,1
0.6340302566717662,0.5714285714285714,0.8764318206458253,0.2032328369051944,0,1
0.39418663946965826,0.11904761904761907,0.6955982977111943,0.2717641360939581,0,1
0.6362400135985041,0.16666666666666666,0.7675836752519152,0.7442789683981114,1,0
0.29712731599524045,0.5,0.7658064112215465,0.1275578157161884,1,1
0.1881693013768485,0.2857142857142857,0.17850272491422137,0.3723816442668605,1,1
0.6840047594764576,0.16666666666666666,0.5950943909064673,0.8103281268918758,0,0
0.22301546829848712,0.40476190476190477,0.1294365558427995,0.2980990434677323,1,1
0.12476627570967186,0.5238095238095238,0.7777067048617845,0.311902167332607,0,1
0.05116437191908885,0.6428571428571428,0.5783071174545682,0.32352585058723826,0,1
0.800781913989461,0.35714285714285715,0.8468738690727962,0.6469911611575253,1,0
0.15111337752847187,0.8095238095238095,0.274112322353764,0.3898777091657587,0,1
0.5269420363759986,0.09523809523809523,0.5782448162496201,0.7900472212132221,1,0
0.9741628420873703,0.5,0.6962626911982751,0.5415304516285265,0,0
0.6047934727180011,0.047619047619047616,0.5249737739412994,0.6864632522097107,1,0
0.5760666326704061,0.023809523809523836,0.6548992720837157,0.589538685070832,0,0
0.8140404555498894,0.5,0.812206760596931,0.75275457077128,1,0
0.6736359000509944,0.14285714285714285,0.49720973059309825,0.8248577309601649,1,0
0.16641169471358147,0.5476190476190477,0.8023501907974402,0.2797554183315173,0,1
0.2537820839707632,0.26190476190476186,0.2941226142685029,0.18404165153166252,0,1
0.7040625531191568,0.30952380952380953,0.8898749853027181,0.6402712192759415,0,0
0.5784463708992009,0.9761904761904763,0.7075596709641263,0.4370989223876983,0,1
0.5208227095019548,0.8095238095238095,0.7823172994260044,0.7930742220607825,1,1
0.6527281998980111,0.0714285714285714,0.6424182640257877,0.6483230415304518,0,0
0.22998470168281487,0.6428571428571428,0.36406839084233367,0.11417847196997222,1,1
0.6187319394866564,0.30952380952380953,0.8961425170602995,0.7048674173628772,1,0
0.7545469998300186,0.2857142857142857,0.6525330478879433,0.8448964765710137,1,0
0.6799252082270949,0.8571428571428572,0.8065416265195462,0.35216127860515806,0,1
0.49770525242223357,0.5476190476190477,0.7058821194014808,0.04486015256084275,1,1
0.8813530511643719,0.7380952380952381,0.24021527509494067,0.6199297735803369,0,1
0.9581845996940336,0.6190476190476191,0.53862262419394,0.28883642087419803,0,1
0.9109297977222505,0.2857142857142857,0.6668811070069005,0.6385760988013078,1,0
0.2886282508924018,0.16666666666666666,0.6534793237876079,0.7698268555515198,0,0
0.7657657657657658,0.19047619047619047,0.752476091149106,0.6538927230899626,0,0
0.08754037055923847,0.40476190476190477,0.3278494021069413,0.7292650441942127,0,1
0.5053544110147883,0.5714285714285714,0.8366470041213468,0.13518585785204024,0,1
0.7984021757606662,0.2857142857142857,0.7212141710809411,0.7637123138394482,0,0
0.8109807921128676,0.5952380952380952,0.6469916000262642,0.13494369778423543,0,1
0.9595444501104877,0.6190476190476191,0.6699202758355309,0.6187189732413126,0,0
0.6426993030766615,0.19047619047619047,0.8035284165263109,0.7158857004479964,0,0
0.5908550059493455,0.4285714285714286,0.9025729786847422,0.779634338297615,0,0
0.24443311235764054,0.7380952380952381,0.11679048013156546,0.4273519796585545,0,1
0.15417304096549378,0.40476190476190477,0.6080554847201713,0.1681196270734957,0,1
0.31684514703382627,0.40476190476190477,0.9524114994586819,0.43558542196391825,0,1
0.7326194118646949,0.2380952380952381,0.8190308803251879,0.669935827582032,0,0
0.1851096379398266,0.6666666666666667,0.5548924006272876,0.139544739072527,0,1
0.2938976712561618,0.47619047619047616,0.0567044800368921,0.33448359365540636,1,1
0.0980792112867584,0.40476190476190477,0.4158400813580442,0.21600678048189867,0,1
0.10062893081761004,0.4523809523809524,0.43648605934189777,0.1967550550914155,1,1
0.6678565357810641,0.09523809523809523,0.7271753885808611,0.411853735319046,1,0
0.7343192248852626,0.4523809523809524,0.8639573786462621,0.25069621019493893,1,0
0.8713241543430222,0.2857142857142857,0.7654170286906211,0.5174355248819471,0,0
0.08346081930987587,0.26190476190476186,0.5817958322326278,0.35246397868991414,1,1
0.3909569947305796,0.5952380952380952,0.7933823293626494,0.11865843322436131,1,1
0.8680945096039435,0.5952380952380952,0.7054118063837357,0.7838721394841992,1,0
0.6200917899031106,0.5238095238095238,0.9690825689474304,0.6406344593776487,0,0
0.0827808941016488,0.5952380952380952,0.4843610232667515,0.2246640029059208,1,1
0.3984361720210776,0.7142857142857143,0.7806640270094047,0.14632522097106188,1,1
0.651368349481557,0.5238095238095238,0.5497032294318221,0.02046252572950724,1,1
0.29202787693353727,0.6428571428571428,0.8814095036823371,0.28732292045041785,0,1
0.6121026687064423,0.9047619047619048,0.7295019110283821,0.27551761714493284,0,1
0.43481217066122724,0.14285714285714285,0.8416211750801288,0.4328611212011141,1,0
0.7808941016488187,0.38095238095238093,0.8937223901063244,0.40755539411551045,0,0
0.07479177290498046,0.6904761904761905,0.3479381813239922,0.32352585058723826,1,1
0.557538670746218,0.33333333333333337,0.8047639043920822,0.8628768616055216,0,0
0.7975522692503824,0.19047619047619047,0.7679429760735887,0.47644993340598146,1,0
0.9413564507904131,0.4523809523809524,0.6511253155143742,0.7103160188884856,1,0
0.20465748767635555,0.40476190476190477,0.6381457451178302,0.13458045768252824,0,1
0.1551929287778343,0.21428571428571427,0.7199122591363648,0.5896597651047345,1,1
0.813530511643719,0.19047619047619047,0.7272958681169003,0.6246518949025308,1,0
0.7300696923338432,0.40476190476190477,0.9045641740585721,0.3297009323162612,0,1
0.7431582525922147,0.38095238095238093,0.918786103777316,0.5480687734592568,1,0
0.851266360700323,0.33333333333333337,0.7432333714571915,0.7143116600072651,1,0
0.6698963114057455,0.2857142857142857,0.6682169181365221,0.885216127860516,0,0
0.7348291687914329,0.11904761904761907,0.6722290851953707,0.34907373774064665,0,0
0.14754377018527964,0.7380952380952381,0.5644302875475466,0.2155830003632401,0,1
0.035016148223695254,0.30952380952380953,0.5229957106841985,0.5451628526455989,0,1
0.5707972123066464,0.8571428571428572,0.21798305956941927,0.23392662549945514,0,1
0.9087200407955125,0.2857142857142857,0.6072935165518116,0.6958469548371475,1,0
0.4587795342512324,0.5476190476190477,0.4529908395850862,0.0,1,1
0.9194288628250891,0.35714285714285715,0.7366518904903624,0.5677442789683983,0,0
0.18986911439741627,0.7857142857142857,0.5349586109274481,0.20444363724421855,1,1
0.6670066292707802,0.6666666666666667,0.9468404279848461,0.5751907010533964,1,0
0.8096209416964134,0.2857142857142857,0.8260765663484928,0.5536384550187675,0,0
0.7106918238993709,0.16666666666666666,0.7695931945095535,0.3527666787746703,0,0
0.522862485126636,0.6904761904761905,0.8559814501216247,0.19766315534568363,0,1
0.6653068162502124,0.38095238095238093,0.8921818095751455,0.7433103281268921,0,0
0.47798742138364775,0.5952380952380952,0.44281650310055387,0.005509141542559659,0,1
0.6704062553119158,0.0714285714285714,0.7071962472685961,0.5730112604431532,0,0
0.20346761856195816,0.2857142857142857,0.37187222755820504,0.17187310812447026,1,1
0.905320414754377,0.35714285714285715,0.7500399307967988,0.6262864753602132,0,0
0.12323644399116096,0.4523809523809524,0.2648853306621183,0.24930378980506127,0,1
0.882712901580826,0.19047619047619047,0.40872384838207737,0.3847923477418575,0,1
0.5158932517423084,0.9761904761904763,0.3474779464423416,0.3163821285869961,0,1
0.5945945945945945,0.5238095238095238,0.7794993914943584,0.9131250756750215,1,0
0.9002209756926738,0.2380952380952381,0.6058575348573715,0.639786899140332,0,0
0.24273329933707294,0.8333333333333333,0.44967360581966553,0.19288049400653834,0,1
0.23304436511983684,0.9047619047619048,0.4619454162041158,0.29785688339992744,1,1
0.7708652048274689,0.2857142857142857,0.7417566191212781,0.7801791984501758,1,0
0.8861125276219616,0.26190476190476186,0.3946361411122292,0.2965250030270009,0,1
0.12340642529321771,0.40476190476190477,0.28397576360968296,0.24863784961859794,0,1
0.29712731599524045,0.26190476190476186,0.4219587315596832,0.11581305242765472,0,1
0.4696583375828658,0.38095238095238093,0.44767126341651875,0.012592323525850657,0,1
0.47764745877953424,0.7142857142857143,0.4427810769251913,0.03505266981474753,1,1
0.1881693013768485,0.8095238095238095,0.4887561594971926,0.23616660612664975,1,1
0.7581166071732109,0.33333333333333337,0.5394701038200718,0.9036808330306336,1,0
0.6673465918748938,0.30952380952380953,0.5747109025581668,0.07113451991766562,0,1
0.20703722590515045,0.6190476190476191,0.7538222858128857,0.19651289502361075,1,1
0.7814040455549888,0.40476190476190477,0.7642499499910671,0.8145053880615089,1,0
0.6936936936936936,0.2857142857142857,0.9017305381266578,0.5840900835452235,1,0
0.7555668876423592,0.19047619047619047,0.8036259912075898,0.5228235863906043,0,0
0.5745368009518953,0.5,0.9707283591114749,0.6637607458530089,0,0
0.6246812850586434,0.2380952380952381,0.6021663411632306,0.8959317108608793,1,0
0.05184429712731592,0.5,0.26369977537972433,0.4104613149291684,1,1
0.636409994900561,0.2857142857142857,0.9281694592774588,0.47868991403317607,1,0
0.6319904810470848,0.2380952380952381,0.8614303623700722,0.6902167332606854,0,0
0.4354920958694543,0.2380952380952381,0.35653299902425317,0.09759050732534214,0,1
0.7530171681115078,0.21428571428571427,0.7957351160436291,0.6531662428865481,0,0
0.8750637429882712,0.26190476190476186,0.7381454397197668,0.499939459983049,1,0
0.4574196838347781,0.9285714285714286,0.3838264239566457,0.21824676110909327,0,1
0.12833588305286414,0.4523809523809524,0.37791162696237346,0.18222545102312637,1,1
0.7514873363929968,0.21428571428571427,0.781448289236398,0.6845259716672722,1,0
0.15791262961074276,0.4523809523809524,0.8325679548865981,0.3547644993340599,0,1
0.7525072242053374,0.19047619047619047,0.622680234484633,0.7904710013318805,1,0
0.5894951555328913,0.5714285714285714,0.9505584967085725,0.30887516648504676,1,1
0.8393676695563488,0.5,0.7858719801857736,0.7533599709407921,0,0
0.5679075301716812,0.09523809523809523,0.30739399251469346,0.2855672599588328,0,1
0.4924358320584735,0.8095238095238095,0.32459966131354767,0.1281026758687493,1,1
0.35186129525752163,0.35714285714285715,0.47179740503265466,0.04334665213706268,0,1
0.03858575556688759,0.5,0.6966820027394206,0.5778544617992494,0,1
0.18697943226245112,0.4523809523809524,0.10475214656663867,0.39780845138636656,0,1
0.7696753357130715,0.4285714285714286,0.6315160112569727,0.9068289139120962,0,0
0.7348291687914329,0.19047619047619047,0.8172386517897091,0.5800339024094929,0,0
0.2949175590685025,0.47619047619047616,0.8358935870987643,0.19257779392178243,0,1
0.48172701002889673,0.5238095238095238,0.9604362916734744,0.3038503450780967,0,1
0.9612442631310556,0.5476190476190477,0.700737078226187,0.40131977236953637,0,0
0.783613802481727,0.26190476190476186,0.6023242319620452,0.1768373895144692,0,1
0.42070372259051503,0.2380952380952381,0.41778164954656016,0.09117326552851446,0,1
0.03841577426483089,0.4523809523809524,0.5488943826607195,0.30251846470517024,0,1
0.6472887982321945,0.2857142857142857,0.9228149150306237,0.570892359849861,0,0
0.7387387387387387,0.09523809523809523,0.681604653044895,0.582758203172297,0,0
0.5791262961074282,0.33333333333333337,0.8965169350861145,0.7461557089235987,1,0
0.24086350501444842,0.30952380952380953,0.26106083071327246,0.19142753359970954,1,1
0.5068842427332994,0.4523809523809524,0.9230454905685441,0.23707470638091788,0,1
0.7771545130035694,0.21428571428571427,0.539220593602216,0.8157161884005331,0,1
0.08023117457079715,0.7380952380952381,0.6526148945689535,0.5719215401380314,1,1
0.13292537820839712,0.6190476190476191,0.3998767718813895,0.17629252936190837,1,1
0.7508074111847696,0.40476190476190477,0.6772493712617369,0.11339145174960663,0,1
0.5617882032976373,0.26190476190476186,0.8889143556940706,0.32249667029906787,0,0
0.70916199218086,0.33333333333333337,0.73392667087098,0.14160309964886791,0,1
0.6913139554648987,0.30952380952380953,0.8110908360730085,0.7868386003148082,1,0
0.8062213156552779,0.5952380952380952,0.15321148968594395,0.27884731807724916,0,1
0.358320584735679,0.6666666666666667,0.6441521615311437,0.06344593776486263,1,1
0.9049804521502635,0.30952380952380953,0.7361380582485726,0.5331759292892604,1,0
0.8912119666836648,0.26190476190476186,0.7081591673627198,0.6038261290713164,0,0
0.6432092469828318,0.11904761904761907,0.7830965225849503,0.44781450538806167,1,0
0.8264490906000339,0.8095238095238095,0.31017357298937365,0.7162489405497036,1,0
0.12510623831378542,0.6190476190476191,0.6965260970280187,0.25033297009323174,1,1
0.41560428352881174,0.5238095238095238,0.5540285822047603,1.0,1,1
0.1672616012238653,0.8809523809523809,0.44975377281132667,0.3843685676231991,0,1
0.5031446540880503,0.14285714285714285,0.17425570674456353,0.34132461557089244,0,1
0.7496175420703722,0.40476190476190477,0.8725221146372711,0.7111635791258024,0,0
0.4864864864864864,0.6190476190476191,0.7617743932885721,0.08626952415546679,1,1
0.882882882882883,0.33333333333333337,0.7773292328553345,0.6007991282237561,1,0
0.229134795172531,0.26190476190476186,0.8060723823950232,0.3623320014529605,1,1
0.4096549379568247,0.6904761904761905,0.7449933804969742,0.11109093110546076,0,1
0.8232194458609552,0.21428571428571427,0.7593875547235155,0.5834241433587604,0,0
0.8211796702362739,0.30952380952380953,0.727026507024919,0.7666787746700571,0,0
0.1268060513343532,0.4523809523809524,0.653333190814237,0.20523065746458424,1,1
0.8646948835628081,0.47619047619047616,0.7703860078823239,0.7345320256689675,0,0
0.701002889682135,0.2857142857142857,0.4282665758616424,0.09849860757961015,0,1
0.7147713751487337,0.21428571428571427,0.8195747942762295,0.652500302700085,0,0
0.4699983001869794,0.38095238095238093,0.6242252432877322,0.03020946845865119,0,1
0.4523202447730749,0.38095238095238093,0.906286619136548,0.24119142753359982,1,1
0.17712051674315826,0.5952380952380952,0.5528204274656694,0.12374379464826257,0,1
0.8743838177800443,0.4523809523809524,0.5608203297382891,0.8461678169269891,0,0
0.6469488356280808,0.5714285714285714,0.7551648156999036,0.09789320741009816,1,1
0.6455889852116267,0.16666666666666666,0.6519885231407748,0.19469669451507454,0,1
0.6772055073941865,0.35714285714285715,0.8635231026000064,0.7589296525003029,0,0
0.1286758456569777,0.16666666666666666,0.5099452879369292,0.4027727327763653,1,1
0.7912629610742818,0.16666666666666666,0.7377765188590939,0.5960164668846109,0,0
0.20210776814550402,0.8095238095238095,0.7498076755695292,0.38273398716551654,1,1
0.6874043855175931,0.4285714285714286,0.9114757903320134,0.7083787383460469,1,0
0.7424783273839877,0.33333333333333337,0.5907920956873213,0.9054364935222186,0,0
0.616692163861975,0.4285714285714286,0.9791520011971604,0.4528393267950117,0,0
0.6884242733299335,0.21428571428571427,0.6568858864865937,0.8329700932316264,0,0
0.25599184089750116,0.2380952380952381,0.19988150555137335,0.31335512773943586,0,1
0.9297977222505523,0.38095238095238093,0.6770778902490979,0.6785930500060542,0,0
0.9644739078701343,0.30952380952380953,0.5530684106932078,0.4419421237437948,1,0
0.8289988101308856,0.16666666666666666,0.5963346124422225,0.31299188763772856,1,0
0.8340982491925888,0.21428571428571427,0.7471786563401401,0.5568470759171814,1,0
0.23406425293217742,0.7857142857142857,0.2878534028215727,0.2390725269403077,0,1
0.3787183409824919,0.11904761904761907,0.2750158425245426,0.2653468942971306,0,1
0.13717491075981642,0.38095238095238093,0.5331726430522704,0.1719336481414216,0,1
0.6656467788543261,0.38095238095238093,0.8442605778436759,0.8028211647899263,0,0
0.25344212136664956,0.7619047619047619,0.6062773044956122,0.1551640634459378,1,1
0.7232704402515724,0.0714285714285714,0.5804777341906875,0.6543770432255723,1,0
0.3979262281149073,0.16666666666666666,0.49387066086613945,0.13609395810630837,0,1
0.8544960054394017,0.4285714285714286,0.823693239861166,0.6573435040561815,0,0
0.2116267210606832,0.5476190476190477,0.7994168423978023,0.2214553820075071,0,1
0.4747577766445691,0.11904761904761907,0.8074327780687541,0.3780118658433226,0,1
0.30460649328573863,0.2857142857142857,0.8898441400983077,0.4046494733018527,0,1
0.8857725650178478,0.30952380952380953,0.7270542982486948,0.6383944787504542,0,0
0.3841577426483087,0.47619047619047616,0.9553475964408908,0.3310328126891877,1,1
0.8330783613802482,0.33333333333333337,0.7432016100585906,0.7505751301610366,0,0
0.6620771715111337,0.40476190476190477,0.9420149858829745,0.35845744036808347,1,0
0.8465068842427333,0.40476190476190477,0.8054591430835736,0.6913064535658072,1,0
0.7028726840047594,0.38095238095238093,0.8202735450454509,0.8100254268071199,0,0
0.6709161992180859,0.2857142857142857,0.8507475381098608,0.7365903862453083,0,0
0.8123406425293217,0.2857142857142857,0.7982034958916326,0.6656980263954476,0,0
0.5643379228284888,0.14285714285714285,0.7153464053884434,0.7671025547887156,1,0
0.6352201257861635,0.21428571428571427,0.6267547027484298,0.8791621261653956,0,0
0.340302566717661,0.7380952380952381,0.9141594758147638,0.43431408160794305,0,1
0.11303756586775449,0.47619047619047616,0.7387815838859766,0.28804940065383233,0,1
0.7642359340472548,0.4523809523809524,0.7534223670487705,0.15770674415788855,1,1
0.015638279789223164,0.5714285714285714,0.4305365996674215,0.3679622230294226,0,1
0.8024817270100288,0.11904761904761907,0.6443602903113991,0.44841990555757366,1,1
0.8871324154343023,0.33333333333333337,0.729525732077333,0.6644266860394723,0,0
0.8516063233044364,0.38095238095238093,0.7235993299566488,0.764559874076765,0,0
0.8886622471528131,0.30952380952380953,0.7624006120177191,0.4946119384913429,0,0
0.37939826619071904,0.8333333333333333,0.1523760732833193,0.34132461557089244,0,1
0.7472378038415775,0.35714285714285715,0.8579030147369835,0.7068046979053156,1,0
0.6313105558388576,0.7142857142857143,0.80210205487087,0.8390240949267469,0,0
0.7300696923338432,0.0714285714285714,0.4253413205106866,0.39120958953868523,0,1
0.6729559748427671,0.33333333333333337,0.7219408657729701,0.8812810267586877,1,0
0.8786333503314636,0.5238095238095238,0.7122169914320573,0.773459256568592,0,0
0.7018527961924188,0.47619047619047616,0.5064115269445076,0.035718610001210904,0,1
0.7349991500934897,0.047619047619047616,0.5274328391483669,0.49763893933890313,0,0
0.6931837497875233,0.14285714285714285,0.5964792184252761,0.7955563627557818,1,0
0.8179500254971952,0.2857142857142857,0.8340189010861481,0.49394599830487973,0,0
0.5007649158592554,0.5952380952380952,0.46081132049541673,0.0013318803729265305,0,1
0.3212646608873023,0.35714285714285715,0.8101242512021232,0.18482867175202822,0,1
0.9921808601053883,0.4285714285714286,0.6187920590395536,0.4600435888122051,0,0
0.9209586945436001,0.26190476190476186,0.6253929327834132,0.3956290107761231,1,0
0.5707972123066464,0.38095238095238093,0.8471730064759659,0.8404770553335759,0,0
0.8793132755396906,0.5238095238095238,0.6259657068514528,0.8243734108245553,0,0
0.07258201597824232,0.40476190476190477,0.23518872836827348,0.551701174476329,0,1
0.03705592384837664,0.6904761904761905,0.440764533512093,0.6261653953263109,1,1
0.7519972802991671,0.30952380952380953,0.7923077862763273,0.7677079549582276,0,0
0.5855855855855855,0.14285714285714285,0.7852530910101498,0.703111756871292,0,0
0.15077341492435825,0.2857142857142857,0.7170354093784691,0.6962707349558059,0,1
0.8177800441951384,0.16666666666666666,0.6792063620524582,0.5799733623925417,0,0
0.8072412034676186,0.2857142857142857,0.8038128948224339,0.6617023852766681,0,0
0.4028556858745537,0.7142857142857143,0.8159390303306088,0.18440489163336982,1,1
0.794832568417474,0.35714285714285715,0.6606357166089211,0.8536142390119872,1,0
0.9141594424613291,0.5,0.7995751912937121,0.5054486015256087,1,0
0.1077681455039945,0.5238095238095238,0.6656227142863687,0.2293861242281148,1,1
0.9291177970423254,0.38095238095238093,0.7492032928019203,0.4797796343382978,0,0
0.7261601223865373,0.21428571428571427,0.70244608578937,0.7798764983654197,1,0
0.7101818799932006,0.5,0.9166234273908469,0.6978447753965373,1,0
0.5660377358490567,0.0714285714285714,0.7108775155256741,0.6454171207167939,0,0
0.06306306306306309,0.6666666666666667,0.6716741769140442,0.3883036687250273,0,1
0.6736359000509944,0.6904761904761905,0.5915534530595542,0.06399079791742346,0,1
0.943736189019208,0.4523809523809524,0.49867304541421903,0.7635912338055457,0,0
0.8731939486656467,0.21428571428571427,0.6564566495083856,0.6097590507325343,1,0
0.48427672955974843,0.16666666666666666,0.6312529108252924,0.16285264559874085,1,1
0.5638279789223184,0.047619047619047616,0.4300982007473091,0.6891270129555639,1,0
0.8325684174740777,0.14285714285714285,0.39247667140542664,0.5727691003753482,0,0
0.08958014618391968,0.7857142857142857,0.647418241120933,0.5072042620171935,1,1
0.7411184769675335,0.4285714285714286,0.9321947584530368,0.4463615449812327,0,0
0.4812170661227264,0.0,0.6003073831508835,0.4852887758808574,0,1
0.7120516743158252,0.21428571428571427,0.6871398402462731,0.8025184647051704,0,0
0.6987931327553968,0.09523809523809523,0.6506295017583293,0.6453565806998427,1,0
0.7749447560768314,0.26190476190476186,0.7402771182027934,0.7508778302457927,0,0
0.7978922318544961,0.5952380952380952,0.862689976682858,0.6834967913791018,1,0
0.7185109637939827,0.7857142857142857,0.4535471221576984,0.13433829761472343,0,1
0.9262281149073601,0.40476190476190477,0.6679209874130189,0.7095289986681198,1,0
0.08244093149753529,0.6666666666666667,0.2639327941021526,0.38188642692819974,0,1
0.29304776474587796,0.47619047619047616,0.48564369513332917,0.04122775154377045,0,1
0.31922488526262116,0.9523809523809524,0.43314592072171665,0.3255842111635793,0,1
0.8635050144484107,0.35714285714285715,0.8046434248560429,0.62410703474997,0,0
0.10725820159782412,0.33333333333333337,0.6470352719493405,0.2786051580094444,1,1
0.5021247662757097,0.5238095238095238,0.6932748292443077,0.03723211042499097,1,1
0.8009518952915179,0.21428571428571427,0.7944718369540819,0.5389272308996249,1,0
0.6918238993710691,0.40476190476190477,0.8278555100682108,0.18731081244702752,1,1
0.620601733809281,0.5476190476190477,0.9102769502338586,0.7670420147717643,1,0
0.6680265170831209,0.8333333333333333,0.721235090848289,0.2141300399564113,1,1
0.6773754886962434,0.2380952380952381,0.8906844428699479,0.5483714735440128,1,0
0.7559068502464728,0.5,0.4666929817998024,0.9458772248456231,0,0
0.7142614312425634,0.40476190476190477,0.9041408923426015,0.684162731565565,0,0
0.8408975012748596,0.14285714285714285,0.49971628519903555,0.60903257052912,1,0
0.44195138534761175,0.7380952380952381,0.4795360392619751,0.0540016951204747,0,1
0.05915349311575724,0.6190476190476191,0.41871250284401945,0.28266133914517505,1,1
0.7961924188339282,0.16666666666666666,0.7153804572725204,0.6175687129192398,0,0
0.1551929287778343,0.6666666666666667,0.7148799098464916,0.2417362876861607,0,1
0.6899541050484446,0.14285714285714285,0.7676391050004352,0.5991040077491224,1,0
0.7649158592554818,0.11904761904761907,0.6742482244920085,0.5602978568834002,1,0
0.9586945436002039,0.4285714285714286,0.5815188361890598,0.7112241191427535,1,0
0.6221315655277919,0.5476190476190477,0.18365860772076847,0.11514711224119145,0,1
0.594254631990481,0.2857142857142857,0.7378704287636112,0.12513621503814026,0,1
0.8245792962774094,0.47619047619047616,0.6446963808802488,0.8682043830972275,1,0
0.8094509603943565,0.26190476190476186,0.7300511694455345,0.7252694030754332,0,0
0.1874893761686215,0.5238095238095238,0.5751522027598823,0.11181741130887524,1,1
0.7659357470678224,0.2380952380952381,0.8105942588218048,0.38364208741978467,0,0
0.71443141254462,0.16666666666666666,0.5799342783367412,0.7943455624167578,1,0
0.2901580826109128,0.19047619047619047,0.21412359154230604,0.2961012229083425,0,1
0.8157402685704572,0.4285714285714286,0.8207276719658321,0.7231505024821407,0,0
0.8650348461669215,0.33333333333333337,0.8028533341070084,0.5204625257295074,1,0
0.20159782423933365,0.5476190476190477,0.2518156678368502,0.16878556725995886,1,1
0.6034336223015466,0.5,0.9300426182997574,0.7443395084150625,1,0
0.5317015128335884,0.4523809523809524,0.09154642890409437,0.19415183436251365,0,1
0.785823559408465,0.40476190476190477,0.7948615248830708,0.786172660128345,1,0
0.8052014278429371,0.5952380952380952,0.8620248197006182,0.6733260685312994,0,0
0.8143804181540031,0.21428571428571427,0.7636791610104401,0.5781571618840056,1,0
0.5041645419003908,0.16666666666666666,0.858279112452148,0.5932316261048556,0,0
0.5845656977732449,0.6666666666666667,0.20257068819926616,0.11902167332606861,1,1
0.653578106408295,0.023809523809523836,0.5428131437218557,0.6020099285627802,1,0
0.1606323304436511,0.7619047619047619,0.21928756739753513,0.4223876982685557,1,1
0.30460649328573863,0.21428571428571427,0.8082746078307117,0.695665334786294,0,1
0.7417984021757605,0.5,0.9395308780347023,0.5662913185615693,1,0
0.759646438891722,0.19047619047619047,0.7981401257934623,0.5839690035113212,1,0
0.057453680095189474,0.6666666666666667,0.6412928721618977,0.3677200629616178,1,1
0.8898521162672106,0.35714285714285715,0.6471812522236797,0.7602615328732295,0,0
0.11456739758626555,0.5714285714285714,0.2629382653084597,0.2672841748395691,0,1
0.928607853136155,0.2380952380952381,0.5652705903191868,0.5892965250030272,0,0
0.41883392826789057,0.7857142857142857,0.49591514820204524,0.07609880130766439,1,1
0.8325684174740777,0.5238095238095238,0.6334432257365057,0.8680227630463739,0,0
0.4035356110827809,0.7380952380952381,0.8355263459274405,0.2072890180409252,1,1
0.27417984021757597,0.19047619047619047,0.3083715717158638,0.2255721031601889,0,1
0.3243243243243243,0.7142857142857143,0.5660711913425757,0.9313476207773341,0,1
0.046574876763555983,0.6190476190476191,0.49928399424019254,0.2910764015013926,0,1
0.2633010368859426,0.33333333333333337,0.08167657428884245,0.45792468821891275,0,1
0.7832738398776136,0.2380952380952381,0.7975351322297265,0.6251967550550916,0,0
0.6156722760496344,0.023809523809523836,0.3758335458394858,0.6106066109698511,1,0
0.4145843957164712,0.5,0.3621521706930857,0.02040198571255608,0,1
0.9184089750127484,0.47619047619047616,0.7599491817622384,0.6348226177503331,1,0
0.14584395716471188,0.5714285714285714,0.4255729649418294,0.14814142147959808,1,1
0.6532381438041815,0.30952380952380953,0.6695880027424747,0.09728780724058606,0,1
0.6853646098929118,0.2380952380952381,0.8464447847936196,0.6799854703959318,1,0
0.7570967193608702,0.11904761904761907,0.7068053377473534,0.48492553577915015,1,0
0.47764745877953424,0.5714285714285714,0.9976717978631298,0.5316624288654802,1,0
0.028896821349651436,0.5238095238095238,0.5981401257934623,0.3387819348589419,1,1
0.8687744348121705,0.6190476190476191,0.7721618976214072,0.7004479961254391,1,0
0.3532211456739759,0.38095238095238093,0.7147363727566604,0.09250514590144093,1,1
0.43226245113037565,0.2857142857142857,0.21974795497821747,0.1486257416152078,0,1
0.18680945096039436,0.40476190476190477,0.6849050899168247,0.16666666666666674,1,1
0.46693863674995745,0.5476190476190477,0.7935290731321472,0.09668240707107406,1,1
0.371069182389937,0.4285714285714286,0.9342691747991625,0.3024579246882191,1,1
0.8395376508584054,0.33333333333333337,0.7218639054609755,0.7635306937885945,0,0
0.4747577766445691,0.2380952380952381,0.6529865640121977,0.11199903135972883,0,1
0.8854326024137344,0.2857142857142857,0.491143150761281,0.7692819953989589,1,0
0.9539350671426143,0.30952380952380953,0.45617324010548455,0.6483230415304518,1,0
0.9568247492775794,0.38095238095238093,0.5564809286544313,0.6902772732776368,1,0
0.6285908550059492,0.5714285714285714,0.21427094610793074,0.9098559147596563,0,1
0.8946115927248003,0.40476190476190477,0.7671936819248629,0.6546797433103282,1,0
0.8660547339792621,0.47619047619047616,0.7912845500646681,0.7046857973120235,1,0
0.40897501274859754,0.5476190476190477,0.8961591612547585,0.20971061871897323,0,1
0.40438551759306474,0.19047619047619047,0.3790127396802177,0.8677806029785691,1,0
0.7417984021757605,0.19047619047619047,0.7631888444195376,0.6637607458530089,0,0
0.42563318035016146,0.40476190476190477,0.3545066828731239,0.033115389272309004,1,1
0.7747747747747749,0.09523809523809523,0.5908733315722046,0.3807361666061267,0,0
0.22845486996430386,0.30952380952380953,0.7864523892054001,0.2611696331274973,0,1
0.7955124936257012,0.38095238095238093,0.7630404209606907,0.7996730839084638,0,0
0.06527281998980106,0.47619047619047616,0.5864311640399887,0.2594745126528636,1,1
0.34914159442461323,0.4523809523809524,0.5362021918419015,0.025547887153408444,1,1
0.004079551249362545,0.5,0.41589703809688144,0.4052548734713647,0,1
0.6989631140574536,0.30952380952380953,0.5824481624962016,0.9179077370141665,1,0
0.09348971613122553,0.35714285714285715,0.7122583728696575,0.6635185857852042,1,1
0.702532721400646,0.5952380952380952,0.9189969811401426,0.6867659522944668,0,0
0.32755396906340295,0.7380952380952381,0.5783226927558053,0.09002300520644158,0,1
0.7664456909739927,0.0714285714285714,0.5322489666093028,0.394115510352343,1,0
0.18374978752337234,0.21428571428571427,0.6893982589256401,0.3387213948419906,0,1
0.39639639639639634,0.11904761904761907,0.3047129029154826,0.24397626831335528,0,1
0.8171001189869114,0.35714285714285715,0.6858150234469363,0.8171691488073618,0,0
0.8638449770525243,0.14285714285714285,0.5474874137823091,0.4760866933042742,1,0
0.8417474077851437,0.7857142857142857,0.22421455435551085,0.5834241433587604,1,1
0.5706272310045895,0.33333333333333337,0.8531777431999304,0.8092384065867539,0,0
0.1769505354411014,0.38095238095238093,0.5245385817008534,0.13675989829277158,0,1
0.8065612782593914,0.14285714285714285,0.4880774123011286,0.6971788352100741,1,0
0.5486996430392655,0.5476190476190477,0.8552521595460563,0.1514711224119144,1,1
0.8026517083120854,0.16666666666666666,0.5728681306431836,0.7173992008717764,1,0
0.2622811490736019,0.5,0.17716523409525065,0.1805303305484926,1,1
0.006629270780214247,0.6190476190476191,0.538819453245847,0.4400048432013563,0,1
0.7186809450960393,0.19047619047619047,0.813026907096382,0.42614117931953027,1,0
0.066122726500085,0.7857142857142857,0.429692479419988,0.5559389756629134,1,1
0.9423763386027537,0.6190476190476191,0.7420155966791014,0.5230052064414579,1,0
0.2226755056943736,0.33333333333333337,0.8152266893475628,0.2805424385518829,1,1
0.8461669216386196,0.38095238095238093,0.17724433219368957,0.3318803729265045,0,1
0.34132245453000165,0.09523809523809523,0.39120728435460994,0.2689187552972515,1,1
0.5607683154852966,0.6666666666666667,0.21789098205328283,0.1030996488679018,0,1
0.5617882032976373,0.14285714285714285,0.7617119393845924,0.727327763651774,1,0
0.19105898351181372,0.40476190476190477,0.8642201736798787,0.37922266618234657,0,1
0.596464388917219,0.4285714285714286,0.9530204631972429,0.676776849497518,0,0
0.7780044195138535,0.11904761904761907,0.6263497449162675,0.6204746337328977,0,0
0.8305286418493965,0.2380952380952381,0.5747533528889893,0.7674052548734716,0,0
0.25293217746047925,0.2857142857142857,0.23458694148420406,0.22133430197360465,0,1
0.7232704402515724,0.33333333333333337,0.8749680477276094,0.6944545344472699,1,0
0.7846336902940677,0.11904761904761907,0.49514585048016213,0.6974209952778788,1,0
0.21009688934217235,0.7380952380952381,0.5925562276009608,0.169088267344715,1,1
0.11830698623151459,0.5238095238095238,0.6909166980972173,0.23217096500787027,1,1
0.12170661227264995,0.21428571428571427,0.32607427586301685,0.5572708560358399,1,1
0.41662417134115237,0.0714285714285714,0.6975465846571067,0.6198692335633855,1,0
0.8611252762196159,0.5,0.8586129125355217,0.5023610606610971,1,0
0.625871154173041,0.14285714285714285,0.7908995958056629,0.6574645840900837,0,0
0.3059663437021927,0.26190476190476186,0.30837004472554636,0.15195544254752397,1,1
0.23117457079721232,0.4285714285714286,0.5698556841451068,0.08790410461314929,0,1
0.5826959034506203,0.38095238095238093,0.7450866796053646,0.0889332849013198,1,1
0.8731939486656467,0.5,0.7985421823440217,0.32473665092626225,1,0
0.7472378038415775,0.26190476190476186,0.8250890617102595,0.6597045647172783,0,0
0.049124596294407574,0.6904761904761905,0.4577610046374696,0.3329095532146751,0,1
0.8106408295087542,0.2857142857142857,0.5414857310389796,0.8481050974694275,1,0
0.29899711031786497,0.5,0.3052571222645877,0.07579610122290836,0,1
0.4507904130545639,0.33333333333333337,0.21703922685426252,0.11962707349558066,0,1
0.4637089920108788,0.26190476190476186,0.9396890742315802,0.5378980506114543,1,0
0.4606493285738569,0.21428571428571427,0.5369203353881533,0.09365540622351376,0,1
0.5983341832398436,0.26190476190476186,0.3941649119002937,0.07852040198571264,1,1
0.8327383987761346,0.38095238095238093,0.7914395395818795,0.716672720668362,0,0
0.8244093149753525,0.2380952380952381,0.720366386056746,0.6762925293619084,1,0
0.15468298487166415,0.47619047619047616,0.4413263132498477,0.134217217580821,0,1
0.7027027027027026,0.19047619047619047,0.8297132464883039,0.41597045647172803,0,0
0.4377018527961924,0.4285714285714286,0.8587251463238471,0.16860394720910526,0,1
0.32228454869964307,0.6428571428571428,0.7498391315700668,0.12150381402106791,0,1
0.8024817270100288,0.4285714285714286,0.5779774402450515,0.8983533115389274,0,0
0.5706272310045895,0.16666666666666666,0.757138603384116,0.7502118900593293,0,0
0.43532211456739756,0.4285714285714286,0.5127471624702429,0.007022641966339782,0,1
0.5697773244943056,0.7142857142857143,0.38228798121191115,0.054607095289986696,0,1
0.8137004929457758,0.5476190476190477,0.8628802396764002,0.6683617871413007,1,0
0.7555668876423592,0.2857142857142857,0.735471221576984,0.798280663518586,0,0
0.29559748427672955,0.5238095238095238,0.7187812174083005,0.09861968761351253,0,1
0.8108108108108107,0.9285714285714286,0.5358821346713841,0.41560721637002074,0,1
0.794832568417474,0.33333333333333337,0.738059317465868,0.7866569802639547,1,0
0.42937276899541044,0.26190476190476186,0.0736442998214949,0.37583242523307925,0,1
0.6406595274519803,0.16666666666666666,0.7338237517235904,0.7663760745853011,1,0
0.882712901580826,0.33333333333333337,0.7318186607378723,0.6683617871413007,1,0
0.4509603943566208,0.5952380952380952,0.5425224047654315,0.007628042135851831,1,1
0.8313785483596805,0.5238095238095238,0.6018757549058381,0.8793437462162492,0,0
0.175760666326704,0.4285714285714286,0.6517981074482007,0.1551035234289867,1,1
0.8874723780384157,0.30952380952380953,0.44745595778177166,0.7818743189248096,1,0
0.8531361550229475,0.35714285714285715,0.5191957952794621,0.1652742462767891,0,1
0.4524902260751317,0.8571428571428572,0.38380947436412305,0.13082697663155352,1,1
0.040795512493625674,0.5,0.48920540004855834,0.2813294587722486,1,1
0.23814380418154002,0.5476190476190477,0.7919008433567524,0.190095653226783,0,1
0.5211626721060683,0.2380952380952381,0.6228726352646198,0.09492674657948907,1,1
0.7914329423763385,0.30952380952380953,0.8484868289450178,0.5940186463252212,1,0
0.6007139214686383,0.5714285714285714,0.8314564586345957,0.1415425596319167,0,1
0.8041815400305965,0.30952380952380953,0.7448035756005271,0.7591718125681077,1,0
0.5701172870984191,0.5238095238095238,0.9787465852679027,0.3662065625378377,0,0
0.18782933877273494,0.47619047619047616,0.7581894781205192,0.2063809177866571,0,1
0.45911949685534587,0.047619047619047616,0.7122053863056454,0.5670783387819349,1,0
0.23814380418154002,0.7857142857142857,0.20224391227135236,0.31607942850224013,0,1
0.9649838517763046,0.35714285714285715,0.43921921931093033,0.3465915970456473,1,0
0.5524392316845146,0.7142857142857143,0.6941853735705461,0.08063930257900476,1,1
0.3542410334863164,0.5476190476190477,0.4414741259125676,0.020523065746458458,1,1
0.7977222505524392,0.7619047619047619,0.4907087220159937,0.8483472575372324,0,0
1.0,0.47619047619047616,0.5034122125631602,0.6364571982080157,1,0
0.6964133945266019,0.26190476190476186,0.860928287953726,0.6514105823949632,0,0
0.7846336902940677,0.30952380952380953,0.8553639352372867,0.6250151350042381,1,0
0.7460479347271799,0.09523809523809523,0.6483678763992958,0.46210194938854604,0,0
0.4949855515893251,0.16666666666666666,0.8136195320385473,0.6884005327521494,0,0
0.882712901580826,0.38095238095238093,0.6226683239601577,0.7961617629252937,0,0
0.6702362740098589,0.35714285714285715,0.8671387102734381,0.7638333938733505,1,0
0.7627061023287438,0.40476190476190477,0.8629646822409498,0.7151592202445819,1,0
0.7317695053544111,0.47619047619047616,0.7638776697516961,0.8664487226056425,1,0
0.7742648308686045,0.33333333333333337,0.8863621440776445,0.5423780118658436,0,0
0.530341662417134,0.4523809523809524,0.33656133996454335,0.023731686644872296,1,1
0.7477477477477478,0.2380952380952381,0.8174043302391419,0.6469306211405741,0,0
0.16998130205677375,0.8571428571428572,0.6279770584974721,0.3844896476571014,0,1
0.7848036715961243,0.21428571428571427,0.7558773093819813,0.6480808814626471,0,0
0.8635050144484107,0.47619047619047616,0.7158985650871988,0.7884126407555396,0,0
0.7977222505524392,0.33333333333333337,0.7248749776677667,0.7987649836541957,0,0
0.7018527961924188,0.38095238095238093,0.8627363971885054,0.758021552246035,1,0
0.7343192248852626,0.40476190476190477,0.8738339520189101,0.7272066836178717,0,0
0.8388577256501785,0.2857142857142857,0.7742158522972806,0.6294950962586271,1,0
0.40438551759306474,0.9285714285714286,0.27876551994783805,0.2993703838237075,0,1
0.2061873193948665,0.38095238095238093,0.6309595759853287,0.1379101586148445,1,1
0.09773924868264489,0.33333333333333337,0.5107994863204572,0.24639786899140337,1,1
0.6787353391126976,0.4285714285714286,0.9082281873250643,0.7213343019736048,0,0
0.401155872853986,0.7142857142857143,0.6039771989805813,0.06096379706986321,1,1
0.8001019887812341,0.21428571428571427,0.6807264809133846,0.7386487468216493,0,0
0.7278599354071051,0.16666666666666666,0.7539850629807155,0.36003148080881475,1,0
0.7825939146693863,0.2857142857142857,0.7067975500967348,0.7900472212132221,1,0
0.596464388917219,0.5952380952380952,0.3565345260145705,0.026879767526334974,0,1
0.09773924868264489,0.5238095238095238,0.31898079504277865,0.24161520765225822,1,1
0.45758966513683497,0.5952380952380952,0.8171743654973485,0.8857004479961257,1,0
0.5041645419003908,0.4285714285714286,0.9771548505610927,0.37177624409734844,0,0
0.5464898861125276,0.40476190476190477,0.748294428165031,0.07797554183315175,0,1
0.8052014278429371,0.16666666666666666,0.7291604759934218,0.48837631674536874,1,0
0.26007139214686376,0.5476190476190477,0.5263715808778057,0.05902651652742469,0,1
0.8121706612272649,0.26190476190476186,0.6281192212960177,0.8068773459256571,0,0
0.5424103348631651,0.5476190476190477,1.0,0.5202203656617026,1,0
0.6574876763556009,0.4285714285714286,0.8140527391915806,0.8593050006054004,1,0
0.30120686724460305,0.5,0.21329153451837968,0.12634701537716442,0,1
0.6826449090600034,0.33333333333333337,0.8006830227689525,0.8224361302821167,1,0
0.6833248342682304,0.38095238095238093,0.7567026476485113,0.8763772853856401,0,0
0.713751487336393,0.09523809523809523,0.3991332802958696,0.3243128708076039,1,1
0.23899371069182385,0.6190476190476191,0.5360525467908007,0.08100254268071194,0,1
0.27638959714431405,0.8333333333333333,0.5984609464591385,0.1796827703111758,0,1
0.07564167941526423,0.47619047619047616,0.5458429979095503,0.23023368446543174,1,1
0.8262791092979771,0.40476190476190477,0.7543013026754397,0.7764862574161523,0,0
0.5828658847526772,0.09523809523809523,0.7701755886165925,0.6263470153771645,1,0
0.6036036036036035,0.4523809523809524,0.914483655859138,0.7654074343140819,0,0
0.6212816590175081,0.6428571428571428,0.3424801071336407,0.04806877345925664,0,1
0.5629780724120346,0.40476190476190477,0.21803864201697098,0.09286838600314817,0,1
0.12646608873023962,0.19047619047619047,0.5207397351893391,0.3438672962828431,0,1
0.6119326874043853,0.33333333333333337,0.831483486363213,0.18343625136215053,0,1
0.4004759476457589,0.14285714285714285,0.8006520248655102,0.36003148080881475,1,1
0.7819139894611591,0.6428571428571428,0.42407010107148907,0.9069499939459986,1,0
0.7766445690973993,0.4523809523809524,0.6695617385090161,0.8916939096742948,0,0
0.19088900220975685,0.6190476190476191,0.3311785463968373,0.14668846107276912,0,1
0.7599864014958354,0.30952380952380953,0.7451091263630297,0.8071195059934619,0,0
0.12340642529321771,0.21428571428571427,0.5676545276026406,0.34180893570650217,0,1
0.5808261091279958,0.14285714285714285,0.6848638611782563,0.2200629616176293,0,1
0.41815400305966344,0.5476190476190477,0.6679441976658426,0.03559752996730842,0,1
0.6892741798402177,0.14285714285714285,0.7731872716195106,0.6437825402591115,1,0
0.8408975012748596,0.11904761904761907,0.5549301172881262,0.5399564111877952,0,0
0.29304776474587796,0.4523809523809524,0.8212888409074598,0.18440489163336982,1,1
0.19326874043855174,0.40476190476190477,0.8378206488792654,0.3159583484683377,1,1
0.7589665136834948,0.19047619047619047,0.6398794899241544,0.7664366146022523,1,0
0.7180010198878124,0.4285714285714286,0.7753843052881202,0.8576098801307667,1,0
0.8657147713751487,0.40476190476190477,0.8198359096204971,0.6040682891391211,0,0
0.10249872514023456,0.6904761904761905,0.6685256755786911,0.7103160188884856,0,1
0.873703892571817,0.6904761904761905,0.5019527152178328,0.19027727327763666,1,1
0.3319734829168791,0.7380952380952381,0.41122505852190394,0.08166848286717526,1,1
0.6668366479687233,0.5,0.1253542999283841,0.18585785204019856,1,1
0.7778344382117967,0.11904761904761907,0.6859842139740993,0.5569076159341327,1,0
0.2988271290158082,0.38095238095238093,0.7483724573702478,0.13948419905557574,1,1
0.5451300356960734,0.7619047619047619,0.15758708044032294,0.2032328369051944,1,1
0.6272310045894951,0.16666666666666666,0.8299572595410173,0.5997094079186345,0,0
0.554479007309196,0.26190476190476186,0.7981100440842104,0.8191669693667517,1,0
0.5007649158592554,0.5,0.7558159243712235,0.06956047947693428,1,1
0.8786333503314636,0.26190476190476186,0.6564163369640073,0.33629979416394257,1,1
0.00526942036375988,0.4285714285714286,0.5755997636218989,0.4615570892359852,0,1
0.11728709841917384,0.2857142857142857,0.5484147550020385,0.2628042135851799,1,1
0.7239503654597994,0.2857142857142857,0.297855800196371,0.8534931589780848,1,0
0.7412884582695902,0.2857142857142857,0.7915684175646642,0.7516648504661583,1,0
0.5976542580316165,0.2857142857142857,0.7967907244500163,0.8343019736045529,0,0
0.12595614482406925,0.8095238095238095,0.5721124231351249,0.345017556604916,0,1
0.34166241713411527,0.5238095238095238,0.41325152737206494,0.027606247729749456,1,1
0.6087030426653067,0.4523809523809524,0.7242771609585223,0.9382491827097714,0,0
0.05014448410674821,0.47619047619047616,0.5741019388196059,0.2809056786535902,0,1
0.7129015808261092,0.11904761904761907,0.664580237996711,0.6960285748880012,0,0
0.835458099609043,0.11904761904761907,0.5903288068250359,0.5164063445937768,1,0
0.9391466938636748,0.2857142857142857,0.5830427725257794,0.6386366388182592,1,0
0.4696583375828658,0.9761904761904763,0.492341990859436,0.28308511926383345,1,1
0.9411864694883562,0.38095238095238093,0.5332563221216615,0.2692214553820076,1,0
0.7746047934727179,0.19047619047619047,0.7822968377557518,0.5296646083060905,1,0
0.600203977562468,0.09523809523809523,0.6261507780779162,0.25438915122896255,1,1
0.9037905830358659,0.19047619047619047,0.5843063570133902,0.5266981474754815,1,0
0.1455039945605982,0.7142857142857143,0.6940467228497305,0.27878677806029806,1,1
0.3559408465068842,0.47619047619047616,0.5087618704409795,0.0196755055091416,0,1
0.7027027027027026,0.16666666666666666,0.6323963211749274,0.795314202687977,1,0
0.5240523542410335,0.2380952380952381,0.8017868840693682,0.7989466037050492,1,0
0.8837327893931668,0.40476190476190477,0.5065430008108318,0.8295193122654076,1,0
0.6379398266190718,0.2857142857142857,0.8687533498350086,0.7276910037534812,0,0
0.12901580826109116,0.4285714285714286,0.6315995376273319,0.19499939459983062,0,1
0.44790073091959887,0.8571428571428572,0.6450953834501735,0.16049158493764382,1,1
0.05371409144994044,0.7619047619047619,0.48139805125495705,0.5466158130524278,0,1
0.4548699643039265,0.7142857142857143,0.5029070841661794,0.03668725027243014,0,1
0.9943906170321263,0.5,0.6337496926931987,0.5651410582394965,1,0
0.4834268230494645,0.5238095238095238,0.9438116426903735,0.26897929531420284,0,1
0.7047424783273839,0.09523809523809523,0.40234652602067844,0.733805545465553,0,0
0.5444501104878462,0.6190476190476191,0.024459178204351062,0.32703717157040824,1,1
0.8276389597144315,0.21428571428571427,0.29383416579755467,0.6958469548371475,0,0
0.7389087200407953,0.40476190476190477,0.8251403685849227,0.791742341687856,0,0
0.7363590005099439,0.0714285714285714,0.3730614476173607,0.47142511199903153,0,0
0.7776644569097397,0.6428571428571428,0.5984097922835071,0.9002300520644148,0,0
0.23015468298487168,0.21428571428571427,0.39285597580025744,0.20093231626104863,1,1
0.19938806731259556,0.5238095238095238,0.44877588821209285,0.09595592686765958,0,1
0.23508414074451806,0.21428571428571427,0.6096650852136947,0.19627073495580583,1,1
0.5684174740778515,0.19047619047619047,0.883903536967672,0.5750090810025428,0,0
0.8789733129355771,0.2380952380952381,0.5060859726088477,0.7330790652621385,0,0
0.8679245283018866,0.4523809523809524,0.8380202265137437,0.4259595592686767,0,0
0.8269590345062043,0.33333333333333337,0.7816675650459701,0.7117689792953144,1,0
0.8951215366309706,0.30952380952380953,0.6325975784987548,0.7221818622109216,1,0
0.9167091619921808,0.6428571428571428,0.4963269774906357,0.778423537958591,0,0
0.7451980282168961,0.16666666666666666,0.6844529480838563,0.7229688824312872,1,0
0.3440421553629101,0.5714285714285714,0.22139389784129382,0.10612664971546198,0,1
0.894781574026857,0.2857142857142857,0.7305695826582764,0.4725753723211044,1,0
0.7157912629610741,0.6428571428571428,0.3651307180061171,0.9279573798280667,1,0
0.8558558558558559,0.47619047619047616,0.8522010801929504,0.5842717035960772,0,0
0.7448580656127826,0.16666666666666666,0.7072819114253996,0.716672720668362,1,0
0.1604623491415944,0.7142857142857143,0.8142904915839928,0.46815595108366653,0,1
0.23253442121366646,0.16666666666666666,0.5506148426512828,0.750696210194939,1,1
0.26619071902090763,0.7380952380952381,0.451640369348418,0.10697420995277884,1,1
0.6532381438041815,0.8571428571428572,0.21668221651806507,0.27842353795859076,0,1
0.8289988101308856,0.33333333333333337,0.8003802205890211,0.6675142269039837,0,0
0.4326024137344891,0.30952380952380953,0.028747119714513825,0.5494611938491344,1,1
0.7207207207207207,0.2380952380952381,0.76301659991174,0.7602615328732295,1,0
0.7990821009688933,0.2857142857142857,0.6771611112213937,0.7942244823828553,0,0
0.3392826789053204,0.2857142857142857,0.29242918200655693,0.881341566775639,1,1
0.5028046914839367,0.33333333333333337,0.7925565329990241,0.13112967671630954,0,1
0.7698453170151283,0.16666666666666666,0.7664269800865192,0.5857852040198572,0,0
0.5690973992860785,1.0,0.6866832701413841,0.4809904346773218,1,1
0.962264150943396,0.33333333333333337,0.45934525709172475,0.6402106792589903,0,0
0.2950875403705592,0.8571428571428572,0.7172597242560885,0.28550671994188165,1,1
0.7621961584225734,0.21428571428571427,0.7882896639552408,0.6393631190216734,0,0
0.8495665476797551,0.4523809523809524,0.7864042890104034,0.7292045041772612,1,0
0.114907360190379,0.2380952380952381,0.5873650713180828,0.34513863663881833,1,1
0.24868264490905995,0.4523809523809524,0.8640635044733181,0.2725511563143239,1,1
0.9391466938636748,0.35714285714285715,0.5775042259457033,0.29198450175566054,0,0
0.5604283528811829,0.6428571428571428,0.1437546859515364,0.15788836420874214,0,1
0.7718850926398096,0.16666666666666666,0.7441466643660013,0.5807603826129073,1,0
0.19632840387557365,0.21428571428571427,0.5324793894481915,0.22508778302457938,1,1
0.1864694883562808,0.40476190476190477,0.5646081819195184,0.1236227146143602,1,1
0.7518272989971102,0.21428571428571427,0.8244883437194124,0.5329337692214555,0,0
0.16080231174570797,0.35714285714285715,0.4465635846403098,0.1620656253783752,0,1
0.7423083460819309,0.19047619047619047,0.7037312008404555,0.7380433466521372,1,0
0.7083120856705761,0.4285714285714286,0.7815819008891665,0.8613028211647902,1,0
0.6913139554648987,0.21428571428571427,0.8139605089764126,0.6747790289381284,1,0
0.7135815060343361,0.40476190476190477,0.8658769581742082,0.7612301731444489,0,0
0.7632160462349141,0.21428571428571427,0.7177059108268193,0.7298704443637246,1,0
0.9274179840217575,0.33333333333333337,0.7147754637087846,0.5592081365782784,0,0
0.9274179840217575,0.4285714285714286,0.5606372435992384,0.7698873955684709,1,0
0.5721570627231005,0.6666666666666667,0.008422267794399918,0.44957016587964654,1,1
0.5532891381947986,0.2380952380952381,0.4174690746285977,0.07579610122290836,0,1
0.6059833418323984,0.33333333333333337,0.9541194381286429,0.5695604794769346,1,0
0.6950535441101477,0.4523809523809524,0.8113809642333059,0.8442305363845504,0,0
0.11201767805541385,0.8333333333333333,0.5891840221841154,0.413306695725875,0,1
0.8082610912799593,0.14285714285714285,0.6291064205361874,0.6641845259716675,0,0
0.9206187319394867,0.21428571428571427,0.5296066625641527,0.5153771643056061,0,0
0.701682814890362,0.2380952380952381,0.749954419339027,0.779937038382371,0,0
0.44195138534761175,0.0,0.4656341667137488,0.5639302579004725,1,0
0.631820499745028,0.8333333333333333,0.666859423744394,0.166424506598862,0,1
0.929287778344382,0.26190476190476186,0.5776224149962665,0.6023126286475362,1,1
0.7657657657657658,0.21428571428571427,0.7971219286498505,0.6249545949872868,0,0
0.7380588135305115,0.5,0.9036375963340016,0.6948177745489772,0,0
0.7859935407105219,0.16666666666666666,0.6504566464544048,0.6833757113451994,1,0
0.6583375828658846,0.09523809523809523,0.2607479503972465,0.39120958953868523,0,1
0.8380078191398946,0.5238095238095238,0.8059047188581777,0.7306574645840903,0,0
0.2429032806391297,0.6904761904761905,0.894166438890611,0.43588812204867433,1,1
0.7683154852966173,0.9047619047619048,0.45370516565554453,0.2915607216370022,0,1
0.2182559918408974,0.5714285714285714,0.5261558171459635,0.0877224845622957,0,1
0.6350501444841066,0.2857142857142857,0.9072974867266366,0.6615813052427657,1,0
0.9306476287608361,0.38095238095238093,0.6736745342297785,0.32394963070589666,1,0
0.28590855005949345,0.8095238095238095,0.48052476549246204,0.14057391936069746,1,1
0.657317695053544,0.047619047619047616,0.5520256290054865,0.673507688582153,1,0
0.28199898011218755,0.4523809523809524,0.717807761080987,0.11078823102070473,0,1
0.12510623831378542,0.38095238095238093,0.6093056316929895,0.20426201719336495,1,1
0.8908720040795512,0.2380952380952381,0.699378973037932,0.5310570286959682,0,0
0.6178820329763726,0.7619047619047619,0.9257649076247207,0.490797917423417,1,0
0.5947645758966513,0.6190476190476191,0.6822774449787214,0.053941155103523486,0,1
0.7327893931667515,0.35714285714285715,0.7346854323596734,0.8553093594866209,0,0
0.1779704232534421,0.40476190476190477,0.7113716495923699,0.19887395568470767,1,1
0.11677715451300352,0.5714285714285714,0.7876147342349702,0.3553698995035719,1,1
0.26551079381268056,0.5,0.9144596821111558,0.6632158857004482,0,0
0.750637429882713,0.14285714285714285,0.5569217707590516,0.7627436735682289,1,0
0.784293727689954,0.19047619047619047,0.5712921239366421,0.7868386003148082,0,0
0.59272480027197,0.11904761904761907,0.7103184843704906,0.7281147838721398,1,0
0.8255991840897501,0.26190476190476186,0.659651571349386,0.7696452355006661,1,0
0.9699133095359509,0.35714285714285715,0.5925650841448015,0.4022884126407556,1,0
0.7989121196668365,0.21428571428571427,0.6500941389530649,0.7421600678048192,1,0
0.559748427672956,0.0,0.5657952641922298,0.5169512047463374,1,0
0.4975352711201767,0.38095238095238093,0.8037024934224892,0.8803729265044196,1,0
0.859425463199048,0.5238095238095238,0.8579938706608661,0.5458893328490133,0,0
0.19564847866734653,0.5238095238095238,0.44458185660644733,0.09964886790168304,1,1
0.40744518103008665,0.16666666666666666,0.6480409477723501,0.1646688461072769,0,1
0.872174060853306,0.2380952380952381,0.5989937133808635,0.7149170601767771,0,0
0.802311745707972,0.21428571428571427,0.6594064894034507,0.7573556120595716,1,0
0.6566377698453171,0.7857142857142857,0.4203007254730997,0.10782177019009576,0,1
0.24868264490905995,0.5714285714285714,0.9091943140988542,0.6422690398353313,1,1
0.845996940336563,0.26190476190476186,0.758422802241011,0.6215038140210681,0,0
0.1874893761686215,0.4523809523809524,0.729300042908428,0.18446543165032092,1,1
0.6510283868774436,0.21428571428571427,0.8815469328108989,0.5216733260685313,0,0
0.6680265170831209,0.2380952380952381,0.8888222781779341,0.5358396900351133,1,0
0.5017848036715961,0.4285714285714286,0.5600252258800427,0.006538321830730165,1,1
0.5906850246472887,0.2380952380952381,0.5117543133658989,0.08421116357912584,0,1
0.4315825259221486,0.7380952380952381,0.740126098860407,0.11986923356338541,0,1
0.5813360530341661,0.2380952380952381,0.6976308745226247,0.870141663639666,0,1
0.280979092299847,0.30952380952380953,0.413824606838168,0.09510836663034267,0,1
0.21264660887302395,0.9285714285714286,0.39401282366468515,0.5503692941034025,0,1
0.3697093319734829,0.5476190476190477,0.9618162328232678,0.3586390604189371,0,0
0.4966853646098929,0.9523809523809524,0.6700532766921725,0.2854461799249305,1,1
0.7674655787863335,0.2857142857142857,0.6879306685316309,0.8224966702990678,1,0
0.646098929117797,0.21428571428571427,0.8880697773495416,0.5166485046615815,0,0
0.85194628590855,0.2857142857142857,0.7895805815695321,0.4542922872018405,0,0
0.7525072242053374,0.40476190476190477,0.9001953020615896,0.6526819227509386,0,0
0.5519292877783443,0.35714285714285715,0.9153606063983948,0.7431287080760385,1,0
0.4135645079041305,0.4285714285714286,0.6702134579764629,0.04249909189974577,0,1
0.27638959714431405,0.38095238095238093,0.7400894510927906,0.14281389998789207,1,1
0.06731259561448238,0.2380952380952381,0.44041134065168897,0.5515800944424265,0,1
0.9031106578276389,0.30952380952380953,0.4547740588776926,0.26014045283932685,1,1
0.7344892061873194,0.5,0.8728360638465191,0.7531783508899386,0,0
0.6857045724970252,0.2857142857142857,0.9186860859115293,0.5210073858820682,0,0
0.3574706782253952,0.8333333333333333,0.5548658309957657,0.13022157646204152,1,1
0.33571307156212815,0.14285714285714285,0.29466759711276674,0.2592928926020101,1,1
0.3440421553629101,0.7619047619047619,0.37632218274103924,0.10164668846107278,1,1
0.32262451130375647,0.33333333333333337,0.547063826668275,0.06738103886669095,0,1
0.16522182559918408,0.2380952380952381,0.7618886121643103,0.49830487952536645,1,1
0.38143804181540025,0.5476190476190477,0.4563445684190917,0.013197723695362651,1,1
0.6115927248002719,0.5238095238095238,0.0,0.40416515316624296,1,1
0.8998810130885603,0.19047619047619047,0.5308526866631138,0.4277152197602617,1,0
0.655107938126806,0.26190476190476186,0.8514774394815562,0.7267223634822619,0,0
0.5402005779364268,0.0,0.5884043409280741,0.4582273883036689,1,0
0.9561448240693522,0.5,0.6774739915374197,0.6609759050732537,0,0
0.5811660717321095,0.9761904761904763,0.7112643021730599,0.566170238527667,1,1
0.0,0.6190476190476191,0.5223763634114796,0.48849739677927123,0,1
0.1917389087200408,0.8333333333333333,0.26762933226240415,0.3757718852161279,1,1
0.4055753867074622,0.16666666666666666,0.7969527381226875,0.28362997941639434,0,1
0.6727859935407106,0.26190476190476186,0.8465869475921652,0.7279331638212863,0,0
0.34115247322794495,0.5952380952380952,0.011895254572190761,0.5235500665940187,0,1
0.8150603433622301,0.38095238095238093,0.824886277396115,0.6969972151592204,0,0
0.5991840897501274,0.5238095238095238,0.9852827146223067,0.592807845986197,1,1
0.7300696923338432,0.40476190476190477,0.27489215630883684,0.11460225208863056,1,1
0.813530511643719,0.2380952380952381,0.655274300905658,0.76280421358518,0,0
0.8514363420023796,0.2380952380952381,0.7202017765005352,0.3791621261653954,1,0
0.0443651198368179,0.47619047619047616,0.5855030593251008,0.2979779634338299,1,1
0.06408295087540367,0.5,0.5091358303696997,0.24064656738103896,1,1
0.7049124596294406,0.0714285714285714,0.5642800317003189,0.36717520280905697,1,0
0.465068842427333,0.33333333333333337,0.9642502553891306,0.5622956774427899,0,1
0.9012408635050144,0.2380952380952381,0.6571534151901943,0.5503087540864513,0,0
0.1407445181030087,0.33333333333333337,0.527696550376174,0.190095653226783,1,1
0.07445181030086678,0.2857142857142857,0.39023749280405806,0.3819469669451509,1,1
0.049124596294407574,0.6666666666666667,0.34949342096221775,0.3950841506235623,0,1
0.40727519972802995,0.16666666666666666,0.8365914216737951,0.6035234289865603,1,0
0.06833248342682297,0.30952380952380953,0.5668711815698376,0.34907373774064665,1,1
0.284718680945096,0.7142857142857143,0.4627945755195966,0.09129434556241678,0,1
0.7315995240523542,0.2380952380952381,0.8508648109662337,0.6056423295798524,1,0
0.7924528301886792,0.19047619047619047,0.7548322372087839,0.5691366993582759,1,0
0.7555668876423592,0.35714285714285715,0.790368050476192,0.7948904225693185,0,0
0.5818459969403365,0.6428571428571428,0.9753688826859148,0.5532752149170602,1,0
0.7411184769675335,0.11904761904761907,0.5079088936497054,0.7508778302457927,1,0
0.4086350501444841,0.2380952380952381,0.6411586497130022,0.11175687129192396,1,1
0.35237123916369195,0.35714285714285715,0.4623517483275638,0.04146991161157526,1,1
0.3064762876083631,0.7380952380952381,0.1797368384887072,0.2267223634822618,0,1
0.15706272310045893,0.7142857142857143,0.3605011887619621,0.20910521854946124,0,1
0.3624001359850416,0.5238095238095238,0.17930821230662575,0.12519675505509142,1,1
0.8718340982491926,0.21428571428571427,0.7053455350039625,0.46070952899866824,1,0
0.3861975182729899,0.5714285714285714,0.8197772731923108,0.13845501876740535,0,1
0.35050144484106743,0.5952380952380952,0.46284114872427595,0.024639786899140315,0,1
0.179500254971953,0.38095238095238093,0.17369545399712621,0.3107519070105341,1,1
0.5934047254801972,0.5714285714285714,0.15187613665341748,0.13573071800460113,0,1
0.179500254971953,0.2380952380952381,0.5599473493738576,0.2316261048553094,1,1
0.8038415774264831,0.26190476190476186,0.5552069606326626,0.826976631553457,1,0
0.8779534251232364,0.30952380952380953,0.7625789644867862,0.40029059208136597,1,0
0.7067822539520654,0.21428571428571427,0.8532467631622747,0.599891027969488,0,0
0.9039605643379227,0.35714285714285715,0.5503601406663481,0.774912216975421,0,0
0.8220295767465577,0.47619047619047616,0.8225965554152421,0.7278120837873836,1,0
0.07326194118646939,0.6904761904761905,0.620701713130437,0.33242523307906535,0,1
0.37174910759816415,0.09523809523809523,0.5006022449811645,0.22242402227872637,0,1
0.8393676695563488,0.35714285714285715,0.8159623932824642,0.6544375832425235,0,0
0.7989121196668365,0.47619047619047616,0.9069678095171199,0.5415304516285265,0,0
0.4234234234234233,0.4523809523809524,0.5143785989253042,0.005630221576462036,0,1
0.8448070712221655,0.2857142857142857,0.6526254308021433,0.7714614360092024,0,0
0.6902940676525581,0.26190476190476186,0.5652440206876649,0.8949025305727087,1,1
0.7902430732619412,0.30952380952380953,0.8472559220501983,0.6353069378859428,1,0
0.6097229304776474,0.21428571428571427,0.809867411430744,0.7377406465673811,0,0
0.868434472208057,0.40476190476190477,0.8355767366079132,0.5314808088146266,0,0
0.8648648648648649,0.2857142857142857,0.6924059717537331,0.714008959922509,1,0
0.1851096379398266,0.6190476190476191,0.5187464020290647,0.1204140937159463,0,1
0.5794662587115417,0.38095238095238093,0.5308187874780685,0.021128465915970507,0,1
0.26959034506204316,0.7142857142857143,0.7212514296446846,0.16709044678532514,1,1
0.16845147033826274,0.26190476190476186,0.6223891901301454,0.24209952778786795,1,1
0.1738908720040795,0.35714285714285715,0.6158081672604114,0.16709044678532514,1,1
0.15060343362230155,0.5476190476190477,0.5830186460787652,0.14650684102191547,1,1
0.22760496345402004,0.33333333333333337,0.5675309940859665,0.12005085361423912,1,1
0.6139724630290667,0.19047619047619047,0.8072460271529418,0.7336844654316506,0,0
0.5186129525752167,0.35714285714285715,0.7499260173191241,0.9090688945392906,1,0
0.28233894271630117,0.6428571428571428,0.5376517637501661,0.06550429834120353,0,1
0.39384667686554475,0.7142857142857143,0.6405043343620158,0.07597772127376201,1,1
0.19598844127146015,0.5,0.2993716434844086,0.14347984017435522,1,1
0.42869284378718336,0.6428571428571428,0.5324746557782077,0.016830124712435002,1,1
0.6775454699983,0.5,0.6518236081865004,0.052972514832304196,0,1
0.49770525242223357,0.6190476190476191,0.3705148858651087,0.020583605763409674,0,1
0.7757946625871153,0.09523809523809523,0.6124713880189285,0.5721637002058362,0,0
0.7140914499405064,0.4523809523809524,0.8712811296063572,0.7658312144327403,1,0
0.961754207037226,0.4285714285714286,0.4948468657760241,0.7218186221092143,1,0
0.19649838517763035,0.5476190476190477,0.728289328017371,0.1733866085482504,1,1
0.39333673295937444,0.4285714285714286,0.1852915711661473,0.11841627315655656,1,1
0.9556348801631819,0.40476190476190477,0.6816828349491436,0.38939338903014903,0,0
0.642359340472548,0.30952380952380953,0.5094175600832516,0.9489042256931833,1,0
0.44960054394016646,0.7857142857142857,0.5510857664651548,0.08275820317229693,1,1
0.7815740268570457,0.33333333333333337,0.5768370838760511,0.879828066351859,1,0
0.04266530681625014,0.38095238095238093,0.5137070285837319,0.3223755902651654,1,1
0.47237803841577425,0.6190476190476191,0.3816089286177836,0.021007385882068075,1,1
0.8322284548699643,0.16666666666666666,0.5705852801187388,0.6594018646325223,1,0
0.721230664626891,0.35714285714285715,0.33239509958267355,0.9128829156072166,0,1
0.3105558388577256,0.11904761904761907,0.7473548710227629,0.5184041651531663,0,1
0.8533061363250041,0.26190476190476186,0.6837888599948387,0.7169148807361667,1,0
0.7803841577426484,0.14285714285714285,0.6888195295953629,0.6110303910885098,1,0
0.0858405575386707,0.7619047619047619,0.5567484573580319,0.3421116357912581,1,1
0.8595954445011049,0.5714285714285714,0.6146942278239014,0.8452597166727209,1,0
0.9989801121876594,0.6190476190476191,0.57909565525445,0.47142511199903153,1,1
0.6059833418323984,0.2380952380952381,0.8601276869303373,0.698026395447391,0,0
0.8281489036206016,0.14285714285714285,0.5866647935585441,0.36850708318198344,0,0
0.7485976542580316,0.47619047619047616,0.7974067123440369,0.8277031117568716,1,0
0.7047424783273839,0.7380952380952381,0.7168033068502313,0.8567017798764985,1,0
0.11779704232534421,0.33333333333333337,0.4007940349650243,0.2266012834483595,1,1
0.9175590685024646,0.30952380952380953,0.7047865038487791,0.5518222545102315,1,0
0.9884412714601394,0.5,0.48786393905476244,0.6763530693788596,0,0
0.5968043515213325,0.14285714285714285,0.7548497975974334,0.7324131250756751,1,0
0.8466768655447899,0.40476190476190477,0.7922989297324865,0.710134398837632,0,0
0.22471528131905488,0.19047619047619047,0.7698214795619982,0.4023489526577069,1,1
0.7511473737888833,0.19047619047619047,0.6364590316132805,0.7940428623320017,0,0
0.6365799762026176,0.33333333333333337,0.9400786094615373,0.5972878072405862,0,0
0.6729559748427671,0.30952380952380953,0.7187708338741424,0.8810994067078342,1,0
0.7606663267040624,0.35714285714285715,0.8907556006187365,0.37825402591112733,0,0
0.13156552779194292,0.2380952380952381,0.28330938503518954,0.41754449691245926,0,1
0.5913649498555158,0.5952380952380952,0.5689681973726605,0.014590144085240342,0,1
0.6132925378208398,0.35714285714285715,0.9654231366518904,0.4979416394236592,1,0
0.835458099609043,0.5714285714285714,0.5882615673334015,0.8758324252330792,0,0
0.5682474927757947,0.0714285714285714,0.6936501634643135,0.6816200508536145,0,0
0.25735169131395547,0.33333333333333337,0.1291763566927222,0.30360818501029196,1,1
0.7917729049804523,0.2857142857142857,0.6787088686070641,0.8002179440610246,0,0
0.9214686384497706,0.2380952380952381,0.562302579239345,0.574161520765226,1,0
0.15179330273669894,0.5476190476190477,0.8181403395721067,0.32709771158735934,0,1
0.651368349481557,0.47619047619047616,0.8020713623654911,0.8780118658433227,1,0
0.24205337412884587,0.6190476190476191,0.3192504615328234,0.11163579125802159,0,1
0.20057793642699295,0.8095238095238095,0.4440072501500268,0.2189732413125076,1,1
0.33265340812510624,0.5952380952380952,0.6657402925408049,0.06411187795132589,1,1
0.8303586605473398,0.2857142857142857,0.7945054307410636,0.6118174113088753,1,0
0.36511983681794996,0.40476190476190477,0.5957772609763882,0.037776970577551805,1,1
0.7487676355600884,0.2857142857142857,0.7195331074405658,0.8091173265528517,0,0
0.37038925718171,0.023809523809523836,0.588910080121182,0.4063445937764864,1,1
0.08737038925718171,0.5,0.7906296239175548,0.5216733260685313,0,1
0.6333503314635389,0.14285714285714285,0.5575032486719003,0.8268555515195547,0,0
0.8969913309535951,0.40476190476190477,0.798098133559735,0.5435282721879164,1,0
0.8225395206527281,0.16666666666666666,0.32869046837374,0.622048674173629,1,0
0.7859935407105219,0.30952380952380953,0.7395832538025877,0.7901077612301732,1,0
0.7608363080061193,0.5238095238095238,0.5436174095220062,0.06665455866327652,0,1
0.38857725650178476,0.4285714285714286,0.4288153761816996,0.0200992856278,0,1
0.05201427842937267,0.6190476190476191,0.49170752638257514,0.2841748395689552,0,1
0.3090260071392147,0.7619047619047619,0.5491133530722282,0.10449206925777949,0,1
0.1337752847186809,0.4523809523809524,0.153957729854035,0.6000726480203417,0,1
0.2213156552779193,0.5714285714285714,0.605471664404176,0.0998910279694879,0,1
0.8866224715281319,0.26190476190476186,0.718336405128855,0.4474512652863544,0,0
0.816590175080741,0.16666666666666666,0.5035655223910226,0.7071679380070228,0,0
0.7366989631140574,0.19047619047619047,0.5962287920132299,0.8002179440610246,1,0
0.07496175420703716,0.7380952380952381,0.5318452303693942,0.6733866085482505,0,1
0.9277579466258712,0.2857142857142857,0.6763247786245787,0.5377164305606007,0,0
0.4132245453000169,0.7380952380952381,0.11874976140776294,0.25220971061871905,0,1
0.7248002719700831,0.11904761904761907,0.5841716764673995,0.7368325463131132,0,0
0.17406085330613635,0.7857142857142857,0.1996810117227047,0.4687008112362272,1,1
0.594254631990481,0.6666666666666667,0.55936419177166,0.031480808814626504,0,1
0.040115587285398546,0.5476190476190477,0.3499405237271391,0.3372684344351618,1,1
0.9325174230834606,0.4285714285714286,0.7178778499365536,0.6464463010049645,1,0
0.15740268570457244,0.47619047619047616,0.5962174922848814,0.14432740041167225,1,1
0.024477307496175382,0.35714285714285715,0.39986287626950157,0.4243855188279454,1,1
0.38007819139894605,0.5476190476190477,0.6936090874247767,0.05430439520523067,1,1
0.927078021417644,0.2857142857142857,0.6755208182224917,0.5728296403922996,1,0
0.785143634200238,0.30952380952380953,0.8295829942142336,0.6690277273277638,1,0
0.5602583715791263,0.14285714285714285,0.8497678211222464,0.46294950962586284,1,0
0.8235594084650687,0.35714285714285715,0.6115426725079136,0.8519191185373534,0,0
0.3928267890532041,0.4285714285714286,0.66896728117847,0.04685797312023249,1,1
0.21893591704912452,0.7142857142857143,0.6007219610220452,0.14759656132703725,1,1
0.2447730749617542,0.8809523809523809,0.5572743528233287,0.27091657585664136,0,1
0.4596294407615162,0.7619047619047619,0.8773951988370441,0.29265044194212386,1,1
0.057453680095189474,0.6190476190476191,0.44657412087349946,0.2785446179924931,0,1
0.6790753017168111,0.0714285714285714,0.6864815547204616,0.5906284053759536,0,0
0.9952405235424104,0.4523809523809524,0.3487270245219375,0.48553093594866215,0,0
0.8147203807581166,0.2380952380952381,0.7993580532705843,0.5016345804576826,0,0
0.8480367159612441,0.6190476190476191,0.37638631633436814,0.15776728417483965,0,1
0.8216896141424442,0.40476190476190477,0.7147307228924862,0.8182588691124836,0,0
0.4956654767975522,0.35714285714285715,0.29863960432626896,0.05999515679864398,0,1
0.5218425973142953,0.4523809523809524,0.7493680550571629,0.0690761593413246,0,1
0.07020227774944748,0.35714285714285715,0.4999494566204955,0.2724906162973726,1,1
0.7786843447220805,0.33333333333333337,0.6317490299794009,0.8684465431650323,1,0
0.8733639299677036,0.40476190476190477,0.8292994321123011,0.5438915122896236,0,0
0.5198028216896141,0.6190476190476191,0.38503045582187956,0.019009565322678335,0,1
0.3059663437021927,0.6904761904761905,0.7934273755770116,0.18700811236227144,0,1
0.0,0.4523809523809524,0.39950189575847894,0.5162247245429231,0,1
0.47985721570627227,0.0,0.4043826149098389,0.48843685676232007,1,0
0.20601733809280975,0.6428571428571428,0.40422533490715135,0.11551035234289875,1,1
0.7846336902940677,0.7619047619047619,0.8090570376693242,0.3467126770795498,0,1
0.7973822879483257,0.47619047619047616,0.31983972709629055,0.12307785446179931,1,1
0.11388747237803837,0.30952380952380953,0.5243486241053745,0.24791136941518346,0,1
0.5471698113207548,0.26190476190476186,0.43145248845977063,0.06834967913791018,0,1
0.9722930477647458,0.40476190476190477,0.6617049152291326,0.5658069984259598,0,0
0.6836647968723439,0.35714285714285715,0.9432726151083477,0.5269403075432862,1,0
0.10283868774434801,0.2857142857142857,0.5774498650904054,0.30263954473907273,1,1
0.4489206187319394,0.26190476190476186,0.9355787216953257,0.44781450538806167,1,1
0.7880333163352029,0.7380952380952381,0.8531597247141856,0.5349921297977965,0,1
0.5335713071562128,0.5714285714285714,0.8979607044311732,0.2038987770916577,0,1
0.14873363929967703,0.19047619047619047,0.38475498676862885,0.34919481777454914,1,1
0.5131735509093999,0.40476190476190477,0.06676108556795646,0.7694030754328613,1,1
0.21978582355940846,0.2380952380952381,0.643372785673166,0.22278726238043361,0,1
0.3238143804181539,0.2857142857142857,0.6871465590036693,0.8791015861484444,0,0
0.3731089580146183,0.5952380952380952,0.42070293472269094,0.025790047221213308,0,1
0.05201427842937267,0.40476190476190477,0.6908675290089985,0.41040077491221705,0,1
0.63488016318205,0.21428571428571427,0.6524672346052653,0.8610606610969853,0,0
0.8028216896141424,0.2380952380952381,0.6377922468593626,0.7836905194333457,1,0
0.8966513683494814,0.4285714285714286,0.7671448182347076,0.3428986560116237,1,0
0.4110147883732789,0.21428571428571427,0.3961454183419023,0.11829519312265407,0,1
0.7831038585755566,0.16666666666666666,0.7531649164812646,0.5495822738830369,0,0
0.6372599014108449,0.047619047619047616,0.6219335362194469,0.6440852403438675,0,0
0.47849736528981807,0.5476190476190477,0.8517437465929029,0.8613028211647902,1,0
0.5519292877783443,0.11904761904761907,0.664989929498857,0.7813899987891999,0,0
0.04504504504504503,0.7380952380952381,0.5047393198479728,0.542801791984502,0,1
0.08465068842427326,0.7857142857142857,0.5742089808408525,0.4354038019130646,1,1
0.6019037905830359,0.14285714285714285,0.830094230572484,0.5057513016103645,1,0
0.21213666496685357,0.4523809523809524,0.32605457768792295,0.1240464947330186,0,1
0.5174230834608192,0.19047619047619047,0.8518827027117821,0.3285506719941883,0,1
0.12884582695903446,0.2380952380952381,0.561378597398314,0.28562779997578414,0,1
0.21366649668536464,0.6904761904761905,0.3118357019498139,0.16521370625983778,1,1
0.3039265680775114,0.7380952380952381,0.10072776358525104,0.34901319772369555,0,1
0.8204997450280469,0.21428571428571427,0.7563534249629323,0.5964402470032695,0,0
0.15774264830868606,0.5,0.46147449239024374,0.12913185615691974,1,1
0.12357640659527447,0.6904761904761905,0.518158663455915,0.20922629858336372,1,1
0.4970253272140065,0.6190476190476191,0.48906125216260005,0.005145901440852418,1,1
0.38024817270100286,0.2857142857142857,0.5787832330355193,0.07022641966339754,1,1
0.6595274519802822,0.26190476190476186,0.8885923134361404,0.3725027243007629,0,0
0.6406595274519803,0.2857142857142857,0.6562700512916048,0.9073132340477059,1,0
0.5891551929287778,0.9047619047619048,0.178446378971511,0.3852161278605159,1,1
0.7475777664456909,0.6428571428571428,0.42584919749023875,0.9291681801670907,0,0
0.3700492945775964,0.4523809523809524,0.8887051580205929,0.21788352100738603,0,1
0.8531361550229475,0.30952380952380953,0.6174029559478563,0.7872018404165155,1,0
0.5757266700662926,0.2857142857142857,0.672504248850558,0.9178471969972153,1,0
0.6846846846846846,0.5952380952380952,0.7637205424480403,0.12313839447875058,0,1
0.7451980282168961,0.21428571428571427,0.7019679851210063,0.774306816805909,1,0
0.5230324664286927,0.5714285714285714,0.44525037296738507,0.0015740404407313946,1,1
0.9707632160462347,0.6904761904761905,0.572695886135386,0.6030996488679019,1,0
0.652048274689784,0.2857142857142857,0.6289879260875606,0.9179077370141665,0,0
0.054224035356110756,0.5952380952380952,0.3025972578307881,0.36832546313112985,1,1
0.10810810810810811,0.4523809523809524,0.34358381573502444,0.21727812083787384,1,1
0.6216216216216216,0.5,0.7970478696194587,0.11405739193606984,0,1
0.537140914499405,0.19047619047619047,0.7971570494271496,0.7437341082455504,1,0
0.18867924528301888,0.21428571428571427,0.7502173670716754,0.41306453565807005,0,1
0.6862145164031956,0.26190476190476186,0.876310272216564,0.6284053759535055,1,1
0.31786503484616685,0.6190476190476191,0.8213019730241891,0.17944061024337088,1,1
0.32347441781404046,0.7619047619047619,0.4339587376676445,0.09438188642692824,1,1
0.39010708822029566,0.0,0.4264012044899623,0.50351132098317,0,0
0.21094679585245618,0.16666666666666666,0.24247537346365688,0.4453929047100134,0,1
