height,fall,net_fall,flow,power
1.0948332218202692,1.1191775953717338,1.200701234231733,-1.3595562105017038,-0.9693922334956356
1.455974039549976,1.4918518623521821,1.562428593601759,-1.3595562105017038,-0.9186644810567685
-0.8914412756931176,-0.8671762476340553,-0.9108822260907934,0.3249488744880448,-0.08561095644115768
-1.1622968889903977,-1.1466819478693915,-1.1821777456183136,0.3249488744880448,-0.24873493284874668
1.6365444484148293,1.6343997694722037,1.5420814296371954,1.167201416982919,2.0060471606487362
0.7336924040905626,0.7213478153701055,0.7394988510349503,0.04419802698975339,0.475397655038809
-0.9817264801255443,-0.955686386041912,-0.9787061059726733,0.04419802698975339,-0.3333574620793013
0.9142628129554159,1.030667456963877,1.035210967319946,-1.6403070579999952,-1.3153620838617575
-1.1622968889903977,-1.1327066628576257,-1.1143538657364331,-0.5173036680068295,-0.8335342452540176
-0.07887443580127752,-0.11716928533590329,-0.07438770754760825,0.04419802698975339,0.12794043894005563
-1.884578524449811,-1.8827136251557777,-1.8599643852378995,-0.23655282050853804,-0.9741546641587713
-1.884578524449811,-1.8780551968185215,-1.8378085844764858,-0.5173036680068295,-1.1414404042990107
-1.2525820934228242,-1.230533657939993,-1.2269415063403541,-0.23655282050853804,-0.6704388720335946
0.5531219952257093,0.5489859668916487,0.6219374592396908,-0.7980545155051209,-0.48026343136377925
-0.2594448446661309,-0.30350641882612744,-0.25525138723262125,0.04419802698975339,0.04729375272557266
-0.34973004909855754,-0.40599184224575025,-0.39315994299244417,0.6056997219863363,0.45034126308140976
-0.2594448446661309,-0.18052391072258014,-0.14040295063263836,-1.6403070579999952,-1.5126096625583618
0.19198117749600252,0.17631169991120033,0.26021009986966476,-0.7980545155051209,-0.585137017107848
1.455974039549976,1.4573794926564916,1.4154768538576858,0.6056997219863363,1.3705916037725125
-0.34973004909855754,-0.3920165572339842,-0.32262310791528903,-0.23655282050853804,-0.2397320796882544
1.185118426252696,1.1685569357466432,1.089922230424663,1.167201416982919,1.751972199850119
-0.8011560712606909,-0.7497838535352149,-0.7178102480270429,-1.0788053630034122,-1.1497782333578939
-0.07887443580127752,-0.12182771367315863,-0.09699566750823488,0.3249488744880448,0.370617029653029
0.7336924040905626,0.7027141020210829,0.6377630312121304,1.167201416982919,1.4891232113883377
1.455974039549976,1.4620379209937469,1.4403456098143756,0.3249488744880448,1.0743841482784062
0.46283679079328255,0.46699762815594914,0.5676783553341874,-1.3595562105017038,-1.0909700805446374
-1.342867297855251,-1.3143853680105937,-1.277131177452945,-0.7980545155051209,-1.1102343271009256
1.2754036306851226,1.280359215840778,1.2820898900899893,0.04419802698975339,0.6938330446286132
-1.5234377067201044,-1.5193562148498398,-1.5439051049883397,0.3249488744880448,-0.4568731750587983
1.3656888351175493,1.393093181602363,1.4525539081931131,-1.0788053630034122,-0.5967785142844024
-1.2525820934228242,-1.2445089429517597,-1.2974783414175093,0.6056997219863363,-0.14609239570362426
1.185118426252696,1.3101731571992132,1.3065064868474656,-1.6403070579999952,-1.2866301823535296
0.9142628129554159,0.8937096638485623,0.8457562628498951,0.8864505694846276,1.3634622593713923
1.6365444484148293,1.648375054483971,1.6212092894993886,0.3249488744880448,1.1460994893003118
0.011410768631149155,-0.037976003602558546,-0.05856213557516987,0.8864505694846276,0.8534674322019531
0.2822663819284292,0.2415296966327777,0.21273338395234964,0.8864505694846276,1.0139098598127314
-0.34973004909855754,-0.2736924774676922,-0.23083479047514485,-1.6403070579999952,-1.5298645352162399
1.0045480173878425,0.9868782305936744,0.9361881026924017,0.8864505694846276,1.4124452173931348
-1.1622968889903977,-1.1420235195321362,-1.159569785657687,0.04419802698975339,-0.43239599764151015
-1.4331525022876777,-1.430846076441984,-1.4783420211025222,0.6056997219863363,-0.2553708722712544
-0.07887443580127752,-0.0920137723147234,0.025087316279148387,-1.3595562105017038,-1.2096733072834582
1.0948332218202692,1.1135874813670268,1.1812583886655936,-1.0788053630034122,-0.6521185306537839
-1.884578524449811,-1.8966889101675444,-1.9305012203150547,0.6056997219863363,-0.6812079720015863
1.185118426252696,1.1732153640838985,1.1170517823774146,0.8864505694846276,1.50682858424408
0.011410768631149155,-0.03331757526530188,-0.03143258362241818,0.6056997219863363,0.6438489750560618
-1.7040081155849578,-1.7103517766773202,-1.7496375406300417,0.6056997219863363,-0.4471123374384073
-0.8914412756931176,-0.8625178192967999,-0.8882742661301668,0.04419802698975339,-0.28146412976342033
-0.9817264801255443,-0.9361209870254391,-0.8986739277120559,-1.0788053630034122,-1.2057046150641781
-1.7040081155849578,-1.705693348340064,-1.7247687846733526,0.3249488744880448,-0.5661015960488879
0.10169597306357583,0.07848470482883156,0.15169189205865802,-0.5173036680068295,-0.32773693580118596
-1.613722911152531,-1.59389106824593,-1.5484266969804645,-0.7980545155051209,-1.200706208106923
-0.8914412756931176,-0.8373623062756201,-0.7887992423034101,-1.3595562105017038,-1.410467681188644
0.10169597306357583,0.09432336117550078,0.2059509959641614,-1.3595562105017038,-1.1698219167644552
-0.5303004579634109,-0.6016458324104864,-0.6282827265829606,1.167201416982919,0.6086527532483221
1.455974039549976,1.4862617483474752,1.5429857480356197,-1.0788053630034122,-0.5804460944126273
1.455974039549976,1.476013206005513,1.5081694896962556,-0.5173036680068295,0.09627671074731495
0.10169597306357583,0.04121727813078752,-0.05856213557516987,1.728703111979502,1.3444482907028066
-0.9817264801255443,-0.9743200993909348,-1.0804419257954931,1.167201416982919,0.29863710914983815
-0.4400152535309842,-0.480526695641841,-0.390899146996381,-0.5173036680068295,-0.5288316431716148
-1.4331525022876777,-1.4075539347557058,-1.3675630172954516,-0.7980545155051209,-1.1457523347642824
-1.1622968889903977,-1.1224581205156632,-1.0795376073970688,-1.0788053630034122,-1.265335109508457
-1.7942933200173843,-1.7988619150851761,-1.8152006245158592,0.3249488744880448,-0.6245879630065273
-0.2594448446661309,-0.3314569888496608,-0.4202894949451959,1.728703111979502,1.0100412787485318
-0.5303004579634109,-0.5634467200449907,-0.44651472849952334,-1.0788053630034122,-1.0679588164696054
-0.34973004909855754,-0.4106502705830069,-0.4202894949451959,0.8864505694846276,0.6090174438846885
-1.884578524449811,-1.887372053493033,-1.883024504397739,0.04419802698975339,-0.8199977869277173
-0.6205856623958376,-0.6016458324104864,-0.718714566425467,1.167201416982919,0.551239005809407
-1.884578524449811,-1.8678066544765592,-1.8029923261371208,-1.0788053630034122,-1.5027916185636387
-0.1691596402337042,-0.20567942374376003,-0.141759428230276,-0.23655282050853804,-0.163533189078081
0.6434071996581359,0.7511617567285407,0.7639154477924267,-1.6403070579999952,-1.352596282755073
0.011410768631149155,-0.014683861916280521,0.0612600522161515,-0.5173036680068295,-0.35992982295649745
1.3656888351175493,1.3688693542486348,1.349913769971869,0.3249488744880448,1.035669734449251
-0.07887443580127752,-0.09760388631943033,0.005644470713009182,-1.0788053630034122,-0.94014547461842
0.46283679079328255,0.4614075141512422,0.5482355097680482,-1.0788053630034122,-0.8002615877831906
0.6434071996581359,0.6533347616461733,0.7485420350192004,-1.3595562105017038,-1.0537930880256536
1.185118426252696,1.1592400790721327,1.026619942534908,1.728703111979502,2.1080818800665813
0.9142628129554159,0.9328404618815096,1.01983755454672,-1.3595562105017038,-0.9995828975493283
-0.8011560712606909,-0.7693492525516878,-0.7978424262876602,0.04419802698975339,-0.23102240919621303
1.0045480173878425,0.9729029455819084,0.8457562628498951,1.728703111979502,1.9838653890015177
0.9142628129554159,0.912343377197585,0.9434226498798021,-0.23655282050853804,0.24713707065748988
-1.072011684557971,-1.029289553770551,-0.9891057675545624,-1.0788053630034122,-1.2348584135831042
1.3656888351175493,1.37352778258589,1.3725217299324959,0.04419802698975339,0.7242954389603831
-0.1691596402337042,-0.1907724530645424,-0.08478736912949732,-1.0788053630034122,-0.964751366377955
-0.6205856623958376,-0.573695262386953,-0.571762826681394,-0.5173036680068295,-0.603071215460918
0.7336924040905626,0.7073725303583381,0.6648925831648822,0.8864505694846276,1.2642807078733538
1.5462592439824026,1.555206487738859,1.5307774496568822,0.3249488744880448,1.1100952274551332
-0.07887443580127752,-0.11251085699864795,-0.051327588387769504,-0.23655282050853804,-0.1282511577088438
0.9142628129554159,0.9076849488603297,0.9203625307199633,0.04419802698975339,0.5512032518254494
1.185118426252696,1.1871906490956659,1.1916580502474827,0.04419802698975339,0.6586225212272908
-1.342867297855251,-1.3376775096968718,-1.3879101812600156,0.6056997219863363,-0.20063152283235833
-1.072011684557971,-1.0674886661360468,-1.1708737656380002,1.167201416982919,0.23259950078038016
-1.1622968889903977,-1.1168680065109564,-1.0600947618309295,-1.3595562105017038,-1.4859014365421273
0.2822663819284292,0.2275544116210117,0.12230154410984313,1.728703111979502,1.4704095761849947
-1.4331525022876777,-1.4168707914302172,-1.407805186025367,-0.23655282050853804,-0.7547324646117404
0.011410768631149155,0.001154794430388692,0.11551915612165489,-1.3595562105017038,-1.1887286234811687
0.6434071996581359,0.6281792486249934,0.6490670111924438,0.04419802698975339,0.43817060694228455
-0.34973004909855754,-0.3715194725500597,-0.24620820324837112,-1.3595562105017038,-1.2742521531074515
-1.2525820934228242,-1.253825799626271,-1.3517374453230133,1.167201416982919,0.04639990312663576
0.8239776085229893,0.7912242404289396,0.6965437271097589,1.4479522644812106,1.715696207726864
1.3656888351175493,1.3875030675976574,1.4358240178222492,-0.7980545155051209,-0.2657252260253395
-1.5234377067201044,-1.5100393581753293,-1.4982370258678734,-0.23655282050853804,-0.7967648481521491
1.0045480173878425,1.014828800617209,1.0740966584522234,-0.7980545155051209,-0.3590145209671862
1.2754036306851226,1.2524086458172448,1.1170517823774146,1.728703111979502,2.1816492774574843
0.6434071996581359,0.6477446476414663,0.7290991894530612,-1.0788053630034122,-0.7309417636864358
-0.1691596402337042,-0.18518233905983547,-0.06534452356335811,-1.3595562105017038,-1.2305893878985816
0.9142628129554159,0.9170018055348403,0.9655784506412165,-0.5173036680068295,-0.06591766207737987
-0.07887443580127752,-0.10319400032413595,-0.011085419657854728,-0.7980545155051209,-0.6669778863865108
-0.6205856623958376,-0.5578566060402839,-0.5175037227758906,-1.3595562105017038,-1.339846412075837
-1.1622968889903977,-1.1559988045439036,-1.2341760535277544,0.8864505694846276,0.057826876399445136
1.0948332218202692,1.0893636540132985,1.0786182504443496,0.3249488744880448,0.9200127471436073
0.2822663819284292,0.26482183831905576,0.332555571743671,-0.5173036680068295,-0.26890733059755473
-0.2594448446661309,-0.2988479904888721,-0.2321912680727825,-0.23655282050853804,-0.2023620156559002
1.0045480173878425,1.0260090286266217,1.1102693943892263,-1.3595562105017038,-0.984344549586652
1.185118426252696,1.1965075057701766,1.2368739701687361,-0.5173036680068295,0.015873151623742598
0.2822663819284292,0.2601634099818004,0.3103997709822565,-0.23655282050853804,0.013592047447255583
0.5531219952257093,0.5070601118563479,0.39359706363736263,1.728703111979502,1.6530337754429913
-0.07887443580127752,-0.13580299868492596,-0.17612352737042808,1.167201416982919,0.9429310508603496
-1.2525820934228242,-1.2351920862772483,-1.2500016255001933,0.04419802698975339,-0.4807210823584348
-1.613722911152531,-1.612524781594952,-1.634336944830846,0.3249488744880448,-0.5094887378506201
0.7336924040905626,0.7465033283912854,0.8389738748617069,-1.3595562105017038,-1.032862705816947
-0.07887443580127752,-0.10785242866139261,-0.029171787626355,-0.5173036680068295,-0.39136472565191044
1.2754036306851226,1.2757007875035227,1.2594819301293627,0.3249488744880448,0.9973271620532536
-1.613722911152531,-1.5985494965831852,-1.5665130649489662,-0.5173036680068295,-1.0228730426992283
0.6434071996581359,0.6374961052995041,0.694282931113697,-0.5173036680068295,-0.151040747083339
-1.342867297855251,-1.3032051400011806,-1.2409584415159427,-1.3595562105017038,-1.53785197523234
-0.1691596402337042,-0.2010209954065047,-0.11960362746886151,-0.5173036680068295,-0.4242369385024142
-1.072011684557971,-1.0236994397658443,-0.9696629219884232,-1.3595562105017038,-1.460730631836064
0.8239776085229893,0.8340817811316905,0.9099628691380742,-1.0788053630034122,-0.7120493585633053
-1.1622968889903977,-1.137365091194881,-1.1365096664978476,-0.23655282050853804,-0.6279631390921129
1.2754036306851226,1.2943345008525453,1.3453921779797429,-0.7980545155051209,-0.2888437520522435
-1.072011684557971,-1.0348796677752568,-1.0058356579254262,-0.7980545155051209,-1.0118751172339087
-0.7108708668282643,-0.651025172785396,-0.6079355626183971,-1.3595562105017038,-1.3626789062310816
0.19198117749600252,0.1437027015504103,0.09517199215709145,1.167201416982919,1.137017977375113
-0.5303004579634109,-0.5783536907242084,-0.503486787600302,-0.23655282050853804,-0.3192846939936388
-0.9817264801255443,-0.9510279577046568,-0.9556459868128345,-0.23655282050853804,-0.5390358301930785
1.185118426252696,1.2123461621168459,1.2911330740742395,-1.3595562105017038,-0.9519371385275955
0.46283679079328255,0.42786683012300186,0.39359706363736263,0.8864505694846276,1.1143213483589074
0.6434071996581359,0.6095455352759708,0.5473311913696239,1.167201416982919,1.4296357328798892
0.2822663819284292,0.23687126829552238,0.18560383199959796,1.167201416982919,1.1989152744022953
-1.342867297855251,-1.3237022246851051,-1.3173733461828605,-0.23655282050853804,-0.7130790733012807
-0.5303004579634109,-0.5923289757359744,-0.5740236226774572,0.6056997219863363,0.3328322194067681
0.6434071996581359,0.614203963613226,0.5744607433223756,0.8864505694846276,1.21409641599064
-1.342867297855251,-1.342335938034127,-1.4150397332127673,0.8864505694846276,-0.07547112659081757
0.37255158636085584,0.37382906141083705,0.4772465154916809,-1.3595562105017038,-1.1097981284966443
0.19198117749600252,0.17165327157394364,0.2421237319011645,-0.5173036680068295,-0.29817554186514456
1.5462592439824026,1.5505480594016037,1.5059086937001924,0.6056997219863363,1.411007907238044
0.7336924040905626,0.6933972453465721,0.5744607433223756,1.728703111979502,1.7786160686952304
-0.8914412756931176,-0.8811515326458227,-0.9900100859529866,1.167201416982919,0.3655971703053997
-0.4400152535309842,-0.4898435523163516,-0.43611506691763424,0.04419802698975339,-0.035476720135984574
-0.9817264801255443,-0.9417111010301448,-0.9154038180829197,-0.7980545155051209,-0.9795177617523927
1.0045480173878425,1.0101703722799524,1.056010290483723,-0.5173036680068295,-0.039187983670770636
0.9142628129554159,0.8797343788367963,0.7553244230073887,1.728703111979502,1.9154537160972829
1.3656888351175493,1.3595524975741227,1.2979154620624276,0.8864505694846276,1.6006541889452888
0.37255158636085584,0.3682389474061301,0.4578036699255417,-1.0788053630034122,-0.8223360974785362
1.6365444484148293,1.662350339495737,1.6890331693812686,-0.5173036680068295,0.1783464055233053
1.0045480173878425,1.0055119439426972,1.0338544897223085,-0.23655282050853804,0.280409728128317
0.2822663819284292,0.23221283995826703,0.1539526880547199,1.4479522644812106,1.3273364339807583
-0.2594448446661309,-0.31282327550063815,-0.3027281031499377,0.6056997219863363,0.5001394119373821
0.8239776085229893,0.8396718951363975,0.9294057147042134,-1.3595562105017038,-1.0174312863409003
-0.4400152535309842,-0.3668610442128043,-0.32126663031765135,-1.6403070579999952,-1.5473625349650288
-0.5303004579634109,-0.5830121190614638,-0.5265469067601408,0.04419802698975339,-0.08024070805074461
1.5462592439824026,1.5458896310643468,1.4787791417474407,0.8864505694846276,1.6924847213416705
-1.7942933200173843,-1.7746380877314472,-1.7125604862946144,-1.0788053630034122,-1.4732445262211804
0.6434071996581359,0.6421545336367608,0.7123692990821973,-0.7980545155051209,-0.45467788044380913
-0.7108708668282643,-0.6854975424810865,-0.7548873023624701,0.6056997219863363,0.20234447955556356
0.10169597306357583,0.07382627649157622,0.1295360912972435,-0.23655282050853804,-0.057358158317959894
0.2822663819284292,0.3784874897480924,0.40218808842240067,-1.6403070579999952,-1.3960373732634066
0.37255158636085584,0.3393566917151465,0.33029477574760785,0.6056997219863363,0.8366630597419393
-0.7108708668282643,-0.6668638291320651,-0.6621946665239005,-0.5173036680068295,-0.6413279782954175
-1.342867297855251,-1.3087952540058867,-1.2604012870820818,-1.0788053630034122,-1.3217191422093968
-1.613722911152531,-1.6078663532576967,-1.6117289848702194,0.04419802698975339,-0.6694735144667429
0.9142628129554159,0.8843928071740517,0.7869755669522654,1.4479522644812106,1.7758487103369218
-0.7108708668282643,-0.6715222574693205,-0.684350467285315,-0.23655282050853804,-0.4049011839782108
0.46283679079328255,0.4558174001465366,0.5315056193971843,-0.7980545155051209,-0.5063781412463197
1.2754036306851226,1.2663839308290106,1.2074836222199212,0.8864505694846276,1.5618253623674696
1.2754036306851226,1.2710423591662674,1.234613174172673,0.6056997219863363,1.2877353213494576
1.3656888351175493,1.3455772125623566,1.2074836222199212,1.728703111979502,2.2423237882333216
0.19198117749600252,0.16233641489943298,0.19690781197991125,0.04419802698975339,0.24582847484464632
-1.7040081155849578,-1.6963764916655535,-1.6791007055528866,-0.23655282050853804,-0.883325243313199
1.0045480173878425,0.9775613739191638,0.8774074067947719,1.4479522644812106,1.8336843547865354
0.5531219952257093,0.5545760808963542,0.6386673496105547,-1.0788053630034122,-0.7776293159381081
-0.4400152535309842,-0.4851851239790963,-0.4130549477577955,-0.23655282050853804,-0.2781032552714177
1.0045480173878425,0.9961950872681864,0.9881864106018432,0.3249488744880448,0.8798896263465278
1.6365444484148293,1.6781889958424063,1.743292273286772,-1.3595562105017038,-0.8967472888908355
1.6365444484148293,1.6437166261467158,1.5963405335426988,0.6056997219863363,1.4522322507410137
-0.8011560712606909,-0.7740076808889432,-0.8204503862482869,0.3249488744880448,-0.029226923740217903
1.455974039549976,1.4480626359819795,1.3612177499521825,1.167201416982919,1.9055427117442707
-1.2525820934228242,-1.249167371289015,-1.324607893370261,0.8864505694846276,-0.005614992734700682
0.7336924040905626,0.6980556736838275,0.6061118872672524,1.4479522644812106,1.653291204127485
-1.5234377067201044,-1.5007225015008179,-1.4593513347355958,-0.7980545155051209,-1.1818638585613332
0.011410768631149155,-0.05195128861432456,-0.14899397541767637,1.728703111979502,1.2709810044669847
1.6365444484148293,1.6670087678329937,1.7071195373497687,-0.7980545155051209,-0.16984019184817992
0.19198117749600252,0.1530195582249223,0.14943109606259483,0.6056997219863363,0.7397054060460554
0.5531219952257093,0.5163769685308587,0.45689935152711747,1.167201416982919,1.3748034230827035
-0.34973004909855754,-0.3873581288967289,-0.3004673071538745,-0.5173036680068295,-0.49317777036921956
-0.1691596402337042,-0.2336299937672934,-0.2982065111578126,1.4479522644812106,1.000394853876805
0.10169597306357583,0.06916784815432088,0.10647597213740476,0.04419802698975339,0.20660635444329475
-0.07887443580127752,-0.13114457034767063,-0.14899397541767637,0.8864505694846276,0.7952456447255989
-0.5303004579634109,-0.573695262386953,-0.48133098683888753,-0.5173036680068295,-0.5641208253376437
1.3656888351175493,1.3502356408996121,1.239134766164798,1.4479522644812106,2.0654774327828527
1.0948332218202692,1.0707299406642758,0.9678392466372784,1.4479522644812106,1.8920634597923018
-0.1691596402337042,-0.2149962804182707,-0.18742750735074137,0.3249488744880448,0.3257529305831881
1.0948332218202692,1.0940220823505538,1.1012262104049764,0.04419802698975339,0.6226397117724871
-0.5303004579634109,-0.6063042607477418,-0.6599338705278386,1.4479522644812106,0.1622642635392327
0.46283679079328255,0.44184211513476923,0.46820333150743076,0.04419802698975339,0.36195026394173685
-0.9817264801255443,-0.97897852772819,-1.112093069740371,1.4479522644812106,0.2689470008715503
-0.8914412756931176,-0.885809960983078,-1.0216612298978647,1.4479522644812106,0.4071146964768206
-1.613722911152531,-1.617183209932208,-1.6592057007875352,0.6056997219863363,-0.3802309350475523
0.2822663819284292,0.2694802666563124,0.3506419397121713,-0.7980545155051209,-0.5586933705728987
-1.072011684557971,-1.0628302377987915,-1.1437442136852478,0.8864505694846276,0.11505470312178125
0.011410768631149155,-0.010025433579023859,0.07934642018465178,-0.7980545155051209,-0.6404984858676042
-0.6205856623958376,-0.5690368340496964,-0.5536764587128937,-0.7980545155051209,-0.8467417669279095
1.0948332218202692,1.0986805106878093,1.1242863295648151,-0.23655282050853804,0.3117159164814829
0.9142628129554159,0.9272503478768026,1.0003947089805807,-1.0788053630034122,-0.6923918181834852
-0.1691596402337042,-0.22431313709278272,-0.2394258152601829,0.8864505694846276,0.743309407628969
-1.072011684557971,-1.0535133811242794,-1.0917459057758063,0.3249488744880448,-0.1960550128858013
0.37255158636085584,0.47165605649320447,0.49261992826490714,-1.6403070579999952,-1.394135261316869
1.455974039549976,1.4806716343427695,1.5262558576647558,-0.7980545155051209,-0.24440154999310063
-0.2594448446661309,-0.3174817038378948,-0.3298576551026894,0.8864505694846276,0.674583099665908
0.8239776085229893,0.7958826687661948,0.728194871054637,1.167201416982919,1.5400583369341585
0.37255158636085584,0.34867354838965714,0.37777149166492424,0.04419802698975339,0.32366489792007147
-0.34973004909855754,-0.3771095865547666,-0.26565104881451035,-1.0788053630034122,-1.0156864919237756
-1.2525820934228242,-1.2156266872607753,-1.1699694472395754,-1.0788053630034122,-1.2924223277546407
1.0948332218202692,1.0660715123270206,0.9361881026924017,1.728703111979502,2.052584546167787
1.5462592439824026,1.569181772750625,1.598601329538762,-0.5173036680068295,0.11963121306833825
0.8239776085229893,0.8191748104524729,0.8529908100372955,-0.23655282050853804,0.21471535800485045
0.5531219952257093,0.544327538554392,0.6038510912711905,-0.5173036680068295,-0.17784908425465443
-0.34973004909855754,-0.39667498557123954,-0.3456832270751278,0.04419802698975339,0.006748734917794536
-1.7942933200173843,-1.7802282017361541,-1.7292903766654777,-0.7980545155051209,-1.2836983556690167
-1.072011684557971,-1.0488549527870241,-1.0691379458151797,0.04419802698975339,-0.38374912706896797
-1.4331525022876777,-1.4019638207509988,-1.3508331269245883,-1.0788053630034122,-1.3515737188138892
0.9142628129554159,0.8890512355113069,0.8186267108971435,1.167201416982919,1.593767971635079
-1.2525820934228242,-1.225875229602737,-1.2047857055789402,-0.5173036680068295,-0.8710258728318273
-0.07887443580127752,0.0058132227676440315,0.04046072905237465,-1.6403070579999952,-1.477656567841533
0.10169597306357583,0.059850991479810205,0.05899925622008833,0.6056997219863363,0.6915590912489181
0.19198117749600252,0.1343858448758996,0.03186970426733663,1.728703111979502,1.4075540723877518
0.46283679079328255,0.4511589718092799,0.513419251428684,-0.5173036680068295,-0.20726746225486603
-0.34973004909855754,-0.40133341390849486,-0.36829118703575436,0.3249488744880448,0.23565289101034828
-0.8011560712606909,-0.7879829659007106,-0.8995782461104801,1.167201416982919,0.43287901731657835
1.2754036306851226,1.299924614857251,1.3621220683506068,-1.0788053630034122,-0.6156637686107412
-1.2525820934228242,-1.2100365732560685,-1.1505266016734361,-1.3595562105017038,-1.5129385992107705
0.2822663819284292,0.24618812497003437,0.23986293590510133,0.6056997219863363,0.7879518319982732
-0.8011560712606909,-0.744193739530508,-0.6983674024609037,-1.3595562105017038,-1.3873420043649485
1.3656888351175493,1.3828446392604008,1.417737649853749,-0.5173036680068295,0.06966859588616119
0.6434071996581359,0.60022867860146,0.48402890347986915,1.728703111979502,1.7187066931760837
-0.4400152535309842,-0.4758682673045843,-0.37281277902788074,-0.7980545155051209,-0.786396192804481
0.5531219952257093,0.5601661949010612,0.6581101951766939,-1.3595562105017038,-1.0725353264161626
1.6365444484148293,1.6297413411349484,1.5104302856923175,1.4479522644812106,2.22945235400863
0.7336924040905626,0.7353231003818729,0.8028011389247038,-0.7980545155051209,-0.40838362201566925
-1.5234377067201044,-1.5286730715243513,-1.5959034128977805,0.8864505694846276,-0.25093022746373583
-0.4400152535309842,-0.5038188373281189,-0.5107213347877024,0.8864505694846276,0.5812866539272702
-0.4400152535309842,-0.517794122339885,-0.6011531746302089,1.728703111979502,0.841239569688496
1.3656888351175493,1.39868329560707,1.4719967537592524,-1.3595562105017038,-0.9315430660782511
-1.5234377067201044,-1.5146977865125846,-1.5212971450277128,0.04419802698975339,-0.6227216050439469
-0.9817264801255443,-0.9463695293674014,-0.93349018605142,-0.5173036680068295,-0.74626592121061
-1.884578524449811,-1.8892354248279355,-1.9056324643583655,0.3249488744880448,-0.690832944482939
1.3656888351175493,1.3548940692368674,1.270785910109676,1.167201416982919,1.8535349666797263
1.2754036306851226,1.2617255024917553,1.1803540702671695,1.167201416982919,1.8030002857542293
-0.1691596402337042,-0.22897156543003805,-0.26655536721293455,1.167201416982919,0.874755354250234
-1.1622968889903977,-1.1280482345203688,-1.0962674977679328,-0.7980545155051209,-1.0460201719132982
-1.2525820934228242,-1.2398505146145036,-1.2726095854608201,0.3249488744880448,-0.3018224482288074
-1.072011684557971,-1.0441965244497688,-1.046077826655341,-0.23655282050853804,-0.5847079693003584
1.185118426252696,1.1825322207584106,1.1690500902868561,0.3249488744880448,0.9581121924486936
-0.6205856623958376,-0.5923289757359744,-0.6644554625199637,0.6056997219863363,0.26661584111752273
0.10169597306357583,0.055192563142553545,0.03186970426733663,0.8864505694846276,0.9070698049510006
-0.6205856623958376,-0.596987404073231,-0.6915850144727154,0.8864505694846276,0.41231332574423796
-0.2594448446661309,-0.32214013217515014,-0.35698720705544107,1.167201416982919,0.8015454966989058
1.455974039549976,1.4527210643192348,1.3883473019049342,0.8864505694846276,1.6468411854215566
-0.1691596402337042,-0.23828842210454873,-0.3298576551026894,1.728703111979502,1.1054829635246188
1.6365444484148293,1.7760159909247737,1.7586656860599983,-1.6403070579999952,-1.256224994396092
-0.9817264801255443,-0.9696616710536794,-1.0533123738427415,0.8864505694846276,0.17331224458209268
1.6365444484148293,1.6530334828212263,1.6438172494600154,0.04419802698975339,0.8215319737311348
0.011410768631149155,-0.01934229025353586,0.039104251454737,-0.23655282050853804,-0.09294767394923162
-0.4400152535309842,-0.47027815329987865,-0.3560828886570168,-1.0788053630034122,-1.040399645635183
0.011410768631149155,-0.04729286027706922,-0.11734283147279961,1.4479522644812106,1.1215222007279428
-0.7108708668282643,-0.6901559708183431,-0.7820168543152219,0.8864505694846276,0.34854967075447496
-0.5303004579634109,-0.5578566060402839,-0.4270718829333841,-1.3595562105017038,-1.3185942440115133
-1.4331525022876777,-1.4261876481047278,-1.453473265145833,0.3249488744880448,-0.406431454491591
1.0948332218202692,1.0753883690015311,0.9994903905821565,1.167201416982919,1.699521105384502
1.0948332218202692,1.0800467973387864,1.026619942534908,0.8864505694846276,1.4596476270137941
0.19198117749600252,0.18190181391590593,0.2769399902405287,-1.0788053630034122,-0.8681298001312716
-0.2594448446661309,-0.2839410198096545,-0.17521920897200383,-1.0788053630034122,-0.9893358057471157
-1.4331525022876777,-1.4355045047792392,-1.505471573055274,0.8864505694846276,-0.14030025030251317
0.37255158636085584,0.33003983504063444,0.2760356718421044,1.167201416982919,1.2531826712529528
1.455974039549976,1.5896788574345495,1.5778020063749851,-1.6403070579999952,-1.2591353686902307
0.6434071996581359,0.6328376769622488,0.6721271303522826,-0.23655282050853804,0.1501007581968995
1.5462592439824026,1.5598649160761142,1.5533854096175088,0.04419802698975339,0.793272024811146
1.185118426252696,1.1778737924211553,1.1441813343301663,0.6056997219863363,1.2461963427876617
0.6434071996581359,0.6048871069387154,0.5156800474247459,1.4479522644812106,1.592037478811537
-1.4331525022876777,-1.412212363092961,-1.385649385263953,-0.5173036680068295,-0.9462308026879827
-1.4331525022876777,-1.4215292197674725,-1.4308653051852065,0.04419802698975339,-0.5755978541879934
0.011410768631149155,-0.004435319574318245,0.09607631055551569,-1.0788053630034122,-0.9155181304685105
-1.072011684557971,-1.0581718094615349,-1.1166146617324961,0.6056997219863363,-0.03480454523758398
-0.2594448446661309,-0.3081648471633828,-0.2778593471932479,0.3249488744880448,0.2803382201604018
-0.8914412756931176,-0.8718346759713107,-0.9357509820474832,0.6056997219863363,0.07912910004130938
1.0045480173878425,1.0008535156054417,1.0107943705624698,0.04419802698975339,0.5858846162642012
-0.2594448446661309,-0.2941895621516168,-0.21003546731136802,-0.5173036680068295,-0.45939740632619597
-1.4331525022876777,-1.3963737067462927,-1.331390281358449,-1.3595562105017038,-1.5623506050400024
0.37255158636085584,0.3207229783661238,0.21273338395234964,1.728703111979502,1.53207804771485
-1.7040081155849578,-1.6917180633282973,-1.6569449047914726,-0.5173036680068295,-1.0612370674856002
-0.6205856623958376,-0.6109626890849971,-0.7820168543152219,1.728703111979502,0.6093106265531397
1.6365444484148293,1.6576919111584818,1.6668773686198541,-0.23655282050853804,0.4857734611832681
1.5462592439824026,1.6828474241796616,1.6682338462174917,-1.6403070579999952,-1.2573691218827312
1.3656888351175493,1.4965102906894374,1.4873701665324788,-1.6403070579999952,-1.2652564507437505
1.185118426252696,1.2067560481121389,1.2716902285081002,-1.0788053630034122,-0.6327613237392062
-0.8011560712606909,-0.7600323958771772,-0.752626506366407,-0.5173036680068295,-0.6724482459320047
1.2754036306851226,1.305514728861958,1.3815649139167459,-1.3595562105017038,-0.9404458080836628
-0.5303004579634109,-0.587670547398719,-0.5491548667207674,0.3249488744880448,0.14533117673697213
1.0045480173878425,1.0204189146219147,1.0908265488230873,-1.0788053630034122,-0.6730560636592817
-1.613722911152531,-1.588300954241223,-1.5316968066096013,-1.0788053630034122,-1.4138500080710212
0.19198117749600252,0.18749192792061287,0.2963828358066679,-1.3595562105017038,-1.1490488520851614
-0.9817264801255443,-0.9305308730207321,-0.8792310821459166,-1.3595562105017038,-1.4358244066112862
-0.2594448446661309,-0.28953113381436013,-0.19194909934286775,-0.7980545155051209,-0.718120385039285
0.10169597306357583,0.045875706468042864,-0.026910991630293108,1.4479522644812106,1.1877743330011459
-0.4400152535309842,-0.49916040899086234,-0.4835917828349507,0.6056997219863363,0.39595945348208844
-0.7108708668282643,-0.6948143991555985,-0.8091464062679736,1.167201416982919,0.4915370033972135
-1.7942933200173843,-1.7942034867479209,-1.7925926645552324,0.04419802698975339,-0.7695846695476759
-0.5303004579634109,-0.6109626890849971,-0.6915850144727154,1.728703111979502,0.7415789148054271
-1.613722911152531,-1.6218416382694634,-1.6863352527402868,0.8864505694846276,-0.3725509792934866
-0.8011560712606909,-0.7833245375634552,-0.8724486941577284,0.8864505694846276,0.28905504144923483
-0.1691596402337042,-0.21965470875552606,-0.21229626330743118,0.6056997219863363,0.5476064010393275
0.011410768631149155,0.09898178951275612,0.13089256889488116,-1.6403070579999952,-1.460487504745153
0.10169597306357583,0.08873324717079384,0.18650815039802218,-1.0788053630034122,-0.8925783743613939
0.8239776085229893,0.9374988902187649,0.9447791274774396,-1.6403070579999952,-1.3253517469794764
1.0948332218202692,1.1079973673623211,1.1645284982947297,-0.7980545155051209,-0.3339938829937443
-0.07887443580127752,-0.12648614201041397,-0.12186442346492468,0.6056997219863363,0.5955095887455538
-0.8914412756931176,-0.842952420280327,-0.8082420878695493,-1.0788053630034122,-1.1779738251067597
0.19198117749600252,0.2853189230029803,0.31175624857989415,-1.6403070579999952,-1.4258490450871502
1.0948332218202692,1.1033389390250645,1.1464421303262295,-0.5173036680068295,-0.010112843916551153
-0.8914412756931176,-0.8578593909595447,-0.8652141469703281,-0.23655282050853804,-0.4942360882943609
0.2822663819284292,0.28066049466572496,0.3868146756491744,-1.3595562105017038,-1.128654779635817
-0.34973004909855754,-0.3826997005594722,-0.2823809391853742,-0.7980545155051209,-0.7564129018577417
1.455974039549976,1.4434042076447242,1.3295666060073044,1.4479522644812106,2.119051202344735
0.8239776085229893,0.8145163821152176,0.8299306908774567,0.04419802698975339,0.5119167742529749
0.5531219952257093,0.5117185401936033,0.4252482075822394,1.4479522644812106,1.5334009451212762
1.455974039549976,1.4666963493310021,1.4629535697750022,0.04419802698975339,0.7606214866611789
-0.7108708668282643,-0.6808391141438311,-0.7300185464057803,0.3249488744880448,0.03307081790728842
1.0948332218202692,1.2170045904541011,1.2160746470049593,-1.6403070579999952,-1.296612694674457
-0.34973004909855754,-0.41996712725751756,-0.47907019084282565,1.4479522644812106,0.8802900709668512
-1.342867297855251,-1.3330190813596157,-1.3630414253033265,0.3249488744880448,-0.35473834448587205
-0.1691596402337042,-0.21033785208101538,-0.16481954739011476,0.04419802698975339,0.08728100838361401
-0.6205856623958376,-0.5783536907242084,-0.5939186274428085,-0.23655282050853804,-0.36208221279073766
-0.5303004579634109,-0.596987404073231,-0.6011531746302089,0.8864505694846276,0.4766275920869457
1.5462592439824026,1.5794303150925872,1.6334175878781263,-1.0788053630034122,-0.5663447231397988
0.5531219952257093,0.5350106818798813,0.5586351713499372,0.04419802698975339,0.40055741581901944
-0.5303004579634109,-0.4600296109579164,-0.41169847016015787,-1.6403070579999952,-1.5684073299223988
1.5462592439824026,1.5412312027270916,1.451649589794689,1.167201416982919,1.9565564960547976
-0.7108708668282643,-0.6566152867901028,-0.6273784081845364,-1.0788053630034122,-1.122197610133097
0.37255158636085584,0.35799040506416785,0.42298741158617753,-0.5173036680068295,-0.2367573482229922
0.9142628129554159,0.9216602338720971,0.9836648186097168,-0.7980545155051209,-0.38116768942723844
1.5462592439824026,1.5319143460525808,1.3883473019049342,1.728703111979502,2.4217801845126856
1.185118426252696,1.163898507409388,1.0582710864797849,1.4479522644812106,1.9542253363007702
0.5531219952257093,0.6579931899834286,0.6734836079499201,-1.6403070579999952,-1.3665045825145314
-1.342867297855251,-1.346994366371383,-1.4421692851655197,1.167201416982919,-0.08071981143577485
-0.4400152535309842,-0.49450198065360695,-0.4587230268782609,0.3249488744880448,0.19076018875334144
-0.2594448446661309,-0.32679856051240547,-0.3886383510003191,1.4479522644812106,0.9401994464859986
0.2822663819284292,0.275070380661018,0.3673718300830352,-1.0788053630034122,-0.8452043456177379
0.37255158636085584,0.3253814067033791,0.2443845278972264,1.4479522644812106,1.3980578142486464
-0.6205856623958376,-0.587670547398719,-0.6395867065632739,0.3249488744880448,0.09296589183285259
0.5531219952257093,0.5396691102171367,0.581695290509776,-0.23655282050853804,0.11506185391857289
0.8239776085229893,0.8238332387897283,0.87514661079871,-0.5173036680068295,-0.09335526936634696
0.10169597306357583,0.08314313316608823,0.1697782600271583,-0.7980545155051209,-0.6123529496962788
-1.342867297855251,-1.319043796347849,-1.2952175454214467,-0.5173036680068295,-0.9090967149497478
0.10169597306357583,0.050534134805298205,0.004740152314584939,1.167201416982919,1.0766795540484762
0.37255158636085584,0.35333197672691247,0.400831610824763,-0.23655282050853804,0.047129284399368254
-0.4400152535309842,-0.4646880392951717,-0.33664004309087764,-1.3595562105017038,-1.2962265516477163
-0.8914412756931176,-0.8485425342850327,-0.8249719782404132,-0.7980545155051209,-0.94856196244201
1.455974039549976,1.4713547776682576,1.486013688934841,-0.23655282050853804,0.4295109920277841
-1.072011684557971,-1.0395380961125136,-1.0239220258939266,-0.5173036680068295,-0.7947197202697818
1.455974039549976,1.4387457793074687,1.2979154620624276,1.728703111979502,2.307038499196353
-0.5303004579634109,-0.5690368340496964,-0.46324461887038726,-0.7980545155051209,-0.8165153488902592
-1.2525820934228242,-1.221216801265481,-1.1866993376104387,-0.7980545155051209,-1.0791641150418787
-0.07887443580127752,-0.14511985535943664,-0.2394258152601829,1.728703111979502,1.1798440993593775
1.2754036306851226,1.2896760725152887,1.3273058100112425,-0.5173036680068295,0.042037917083823734
-1.5234377067201044,-1.5053809298380731,-1.4760812251064597,-0.5173036680068295,-0.9824495884369057
0.8239776085229893,0.8005410971034502,0.7553244230073887,0.8864505694846276,1.3149369523443053
0.7336924040905626,0.8443303234736528,0.8543472876349332,-1.6403070579999952,-1.3387880941506958
1.5462592439824026,1.5365727743898363,1.419998445849811,1.4479522644812106,2.1774589105376685
0.19198117749600252,0.14836112988766562,0.12230154410984313,0.8864505694846276,0.9616089320797351
0.9142628129554159,0.9030265205230743,0.8977545707593366,0.3249488744880448,0.8412753236724536
-0.7108708668282643,-0.6622054007948085,-0.6441082985554002,-0.7980545155051209,-0.8800930831634431
0.46283679079328255,0.4185499734484912,0.3348163677397329,1.4479522644812106,1.4664766379496723
-0.07887443580127752,-0.1404614270221813,-0.2077746713153061,1.4479522644812106,1.061698634770294
-0.7108708668282643,-0.6994728274928538,-0.8407975502128516,1.4479522644812106,0.5967538273872744
-0.9817264801255443,-0.9650032427164228,-1.0261828218899898,0.6056997219863363,0.021000272923244728
-1.7040081155849578,-1.681469520986335,-1.6221286464521079,-1.0788053630034122,-1.4435901719268498
1.2754036306851226,1.2570670741545,1.1487029263222914,1.4479522644812106,2.0119036632209704
-1.7040081155849578,-1.7010349200028088,-1.702160824712726,0.04419802698975339,-0.7184135677077361
0.5531219952257093,0.521035396868114,0.48402890347986915,0.8864505694846276,1.1648202753004466
1.185118426252696,1.1918490774329213,1.2147181694073215,-0.23655282050853804,0.34159194547634975
-1.7040081155849578,-1.687059634991042,-1.6388585368229711,-0.7980545155051209,-1.2497392217062058
0.10169597306357583,0.1921503562578682,0.22132440873738765,-1.6403070579999952,-1.4426176635632066
-1.7942933200173843,-1.8035203434224323,-1.8400693804725483,0.6056997219863363,-0.5738530597708688
1.3656888351175493,1.3642109259113795,1.3250450140151793,0.6056997219863363,1.3296389905476198
0.2822663819284292,0.25550498164454505,0.2873396518224178,0.04419802698975339,0.28410669006952005
0.37255158636085584,0.3626488334014245,0.4410737795546778,-0.7980545155051209,-0.5322783272251154
-1.5234377067201044,-1.524014643187096,-1.5687738609450288,0.6056997219863363,-0.31914882885460033
-0.34973004909855754,-0.41530869892026223,-0.4474190468979476,1.167201416982919,0.7371740239818662
0.37255158636085584,0.3346982633778898,0.30316522379485616,0.8864505694846276,1.0643015248023977
1.6365444484148293,1.625082912797693,1.4787791417474407,1.728703111979502,2.426177924539455
0.7336924040905626,0.7260062437073608,0.762558970194789,-0.23655282050853804,0.19964147836837856
0.7336924040905626,0.7306646720446162,0.7847147709562036,-0.5173036680068295,-0.12170817864462559
-1.5234377067201044,-1.4951323874961109,-1.441264966767095,-1.0788053630034122,-1.3825080657338975
1.5462592439824026,1.5645233444133697,1.5764455287773476,-0.23655282050853804,0.45849317142371404
0.46283679079328255,0.42320840178574654,0.36646751168461095,1.167201416982919,1.3161025322213191
-1.884578524449811,-1.8733967684812662,-1.819722216507984,-0.7980545155051209,-1.3189231806639221
0.46283679079328255,0.44650054347202456,0.4912634506672695,-0.23655282050853804,0.08098115641030643
1.0045480173878425,0.982219802256419,0.9090585507396499,1.167201416982919,1.6466338123146034
1.3656888351175493,1.3781862109231455,1.3955818490923346,-0.23655282050853804,0.39963496303291657
-0.2594448446661309,-0.2783509058049476,-0.15577636340586462,-1.3595562105017038,-1.2518129527757393
-1.613722911152531,-1.6032079249204414,-1.58866886571038,-0.23655282050853804,-0.8406635896551385
-0.8011560712606909,-0.7646908242144326,-0.7747823071278215,-0.23655282050853804,-0.45148862507480225
1.5462592439824026,1.5738402010878816,1.6166876975072624,-0.7980545155051209,-0.2217907305383928
-1.7942933200173843,-1.7848866300734094,-1.7473767446339792,-0.5173036680068295,-1.1019036488388336
-0.8011560712606909,-0.7786661092261986,-0.8453191422049767,0.6056997219863363,0.13933880902569906
0.19198117749600252,0.1669948432366883,0.21996793113975,-0.23655282050853804,-0.02174003949952222
0.46283679079328255,0.4138915451112359,0.30316522379485616,1.728703111979502,1.5949192499185094
1.185118426252696,1.2011659341074332,1.2549603381372363,-0.7980545155051209,-0.3117835081593601
1.0045480173878425,1.123836023708989,1.1256428071624527,-1.6403070579999952,-1.3058300717386944
0.7336924040905626,0.7409132143865784,0.8195310292955678,-1.0788053630034122,-0.7341024158682767
-0.8011560712606909,-0.7926413942379659,-0.9312293900553581,1.4479522644812106,0.5035074372261764
1.2754036306851226,1.2850176441780334,1.305150009249828,-0.23655282050853804,0.3693227354337687
1.6365444484148293,1.639058197809459,1.569210981589947,0.8864505694846276,1.7371199949141838
-0.8011560712606909,-0.7553739675399206,-0.7345401383979068,-0.7980545155051209,-0.9146314316663652
-1.7942933200173843,-1.7895450584106656,-1.769532545395393,-0.23655282050853804,-0.9289616284365216
-0.8914412756931176,-0.8764931043085673,-0.9628805340002349,0.8864505694846276,0.23134096054507683
-0.6205856623958376,-0.5830121190614638,-0.6169787466026473,0.04419802698975339,-0.12553385492807548
1.2754036306851226,1.4033417239443253,1.3969383266899722,-1.6403070579999952,-1.2777274403481182
-0.7108708668282643,-0.7041312558301092,-0.8724486941577284,1.728703111979502,0.5168007684615661
1.5462592439824026,1.5850204290972942,1.6528604334442654,-1.3595562105017038,-0.9137232804738453
0.011410768631149155,-0.0240007185907912,0.01604413229489825,0.04419802698975339,0.16741998802590077
-0.8914412756931176,-0.8532009626222893,-0.8430583462089135,-0.5173036680068295,-0.7169190511783136
1.6365444484148293,1.6725988818376993,1.7238494277206327,-1.0788053630034122,-0.555997520182505
-1.1622968889903977,-1.1606572328811589,-1.2613056054805067,1.167201416982919,0.1627290653306803
0.46283679079328255,0.5648246232383165,0.5830517681074137,-1.6403070579999952,-1.3801196996055383
-0.6205856623958376,-0.6063042607477418,-0.7503657103703452,1.4479522644812106,0.6672034773770851
0.8239776085229893,0.828491667126985,0.8932329787672103,-0.7980545155051209,-0.4065673196306295
-0.9817264801255443,-0.9603448143791674,-1.0013140659333,0.3249488744880448,-0.14122985388540768
-1.1622968889903977,-1.151340376206647,-1.2070465015750027,0.6056997219863363,-0.08933652156952672
-1.342867297855251,-1.3283606530223604,-1.3404334653427,0.04419802698975339,-0.5288173415780318
-0.1691596402337042,-0.08735534397746805,-0.049971110790131855,-1.6403070579999952,-1.4956122185849776
-0.34973004909855754,-0.4246255555947729,-0.5107213347877024,1.728703111979502,0.9188543180633851
-0.4400152535309842,-0.5131356940026297,-0.5695020306853321,1.4479522644812106,0.820580917757866
-0.7108708668282643,-0.6761806858065758,-0.7074105864451538,0.04419802698975339,-0.17849980676268073
0.19198117749600252,0.13904427321315496,0.06352084821221339,1.4479522644812106,1.261141508081887
0.011410768631149155,-0.04263443193981388,-0.08569168752792157,1.167201416982919,1.0116430572298274
-0.6205856623958376,-0.5634467200449907,-0.5369465683420298,-1.0788053630034122,-1.0946527408922575
0.8239776085229893,0.7865658120916842,0.6648925831648822,1.728703111979502,1.8468704240700522
-0.4400152535309842,-0.5084772656653743,-0.5378508867404541,1.167201416982919,0.6709862488797861
0.011410768631149155,-0.02865914692804654,-0.006563827665728374,0.3249488744880448,0.4162391131827687
-0.1691596402337042,-0.19636256706924804,-0.10151725950036124,-0.7980545155051209,-0.6971757012369951
